Zeit;Normalkraft
1047;1,967102E+16
104702;1,964052E+16
104704;1,967102E+16
104706;1,976252E+15
104708;1,964052E+16
10471;1,954902E+15
104712;1,976252E+15
104714;1,976252E+15
104716;1,961002E+16
104718;1,961002E+16
10472;1,973202E+15
104722;1,976252E+15
104724;1,961002E+16
104726;1,967102E+16
104728;1,976252E+15
10473;1,964052E+16
104732;1,970152E+16
104734;1,973202E+15
104736;1,973202E+15
104738;1,967102E+16
10474;1,964052E+16
104742;1,970152E+16
104744;1,970152E+16
104746;1,961002E+16
104748;1,967102E+16
10475;1,967102E+16
104752;1,976252E+15
104754;1,964052E+16
104756;1,976252E+15
104758;1,961002E+16
10476;1,961002E+16
104762;1,979302E+16
104764;1,970152E+16
104766;1,970152E+16
104768;1,964052E+16
10477;1,957952E+15
104772;1,964052E+16
104774;1,970152E+16
104776;1,957952E+15
104778;1,967102E+16
10478;1,973202E+15
104782;1,970152E+16
104784;1,957952E+15
104786;1,970152E+16
104788;1,964052E+16
10479;1,964052E+16
104792;1,957952E+15
104794;1,967102E+16
104796;1,970152E+16
104798;1,961002E+16
1048;1,964052E+16
104802;1,979302E+16
104804;1,961002E+16
104806;1,961002E+16
104808;1,970152E+16
10481;1,964052E+16
104812;1,970152E+16
104814;1,957952E+15
104816;1,954902E+15
104818;1,964052E+16
10482;1,961002E+16
104822;1,976252E+15
104824;1,967102E+16
104826;1,967102E+16
104828;1,961002E+16
10483;1,970152E+16
104832;1,979302E+16
104834;1,951853E+16
104836;1,954902E+15
104838;1,970152E+16
10484;1,964052E+16
104842;1,964052E+16
104844;1,964052E+16
104846;1,964052E+16
104848;1,964052E+16
10485;1,964052E+16
104852;1,954902E+15
104854;1,973202E+15
104856;1,957952E+15
104858;1,954902E+15
10486;1,970152E+16
104862;1,964052E+16
104864;1,957952E+15
104866;1,967102E+16
104868;1,970152E+16
10487;1,961002E+16
104872;1,954902E+15
104874;1,967102E+16
104876;1,967102E+16
104878;1,964052E+16
10488;1,957952E+15
104882;1,967102E+16
104884;1,970152E+16
104886;1,961002E+16
104888;1,961002E+16
10489;1,970152E+16
104892;1,961002E+16
104894;1,964052E+16
104896;1,967102E+16
104898;1,964052E+16
1049;1,964052E+16
104902;1,954902E+15
104904;1,967102E+16
104906;1,973202E+15
104908;1,961002E+16
10491;1,954902E+15
104912;1,957952E+15
104914;1,970152E+16
104916;1,964052E+16
104918;1,970152E+16
10492;1,973202E+15
104922;1,967102E+16
104924;1,961002E+16
104926;1,964052E+16
104928;1,970152E+16
10493;1,957952E+15
104932;1,961002E+16
104934;1,967102E+16
104936;1,973202E+15
104938;1,964052E+16
10494;1,961002E+16
104942;1,970152E+16
104944;1,967102E+16
104946;1,957952E+15
104948;1,967102E+16
10495;1,979302E+16
104952;1,970152E+16
104954;1,961002E+16
104956;1,967102E+16
104958;1,967102E+16
10496;1,961002E+16
104962;1,948803E+16
104964;1,973202E+15
104966;1,970152E+16
104968;1,954902E+15
10497;1,961002E+16
104972;1,967102E+16
104974;1,951853E+16
104976;1,964052E+16
104978;1,967102E+16
10498;1,964052E+16
104982;1,964052E+16
104984;1,964052E+16
104986;1,964052E+16
104988;1,973202E+15
10499;1,961002E+16
104992;1,976252E+15
104994;1,970152E+16
104996;1,961002E+16
104998;1,964052E+16
105;1,970152E+16
105002;1,970152E+16
105004;1,954902E+15
105006;1,964052E+16
105008;1,967102E+16
10501;1,979302E+16
105012;1,964052E+16
105014;1,967102E+16
105016;1,970152E+16
105018;1,967102E+16
10502;1,951853E+16
105022;1,976252E+15
105024;1,967102E+16
105026;1,961002E+16
105028;1,961002E+16
10503;1,967102E+16
105032;1,979302E+16
105034;1,957952E+15
105036;1,961002E+16
105038;1,976252E+15
10504;1,967102E+16
105042;1,979302E+16
105044;1,967102E+16
105046;1,970152E+16
105048;1,961002E+16
10505;1,954902E+15
105052;1,962527E+16
105054;1,970152E+16
105056;1,957952E+15
105058;1,964052E+16
10506;1,976252E+15
105062;1,967102E+16
105064;1,961002E+16
105066;1,967102E+16
105068;1,964052E+16
10507;1,961002E+16
105072;1,964052E+16
105074;1,967102E+16
105076;1,970152E+16
105078;1,964052E+16
10508;1,957952E+15
105082;1,961002E+15
105084;1,964052E+16
105086;1,964052E+16
105088;1,967102E+16
10509;1,967102E+16
105092;1,964052E+16
105094;1,957952E+15
105096;1,964052E+16
105098;1,970152E+16
1051;1,957952E+15
105102;1,954902E+15
105104;1,970152E+16
105106;1,967102E+16
105108;1,951853E+16
10511;1,954902E+15
105112;1,954902E+15
105114;1,961002E+16
105116;1,957952E+15
105118;1,964052E+16
10512;1,964052E+16
105122;1,959477E+16
105124;1,954902E+15
105126;1,964052E+16
105128;1,967102E+16
10513;1,957952E+15
105132;1,961002E+15
105134;1,964052E+16
105136;1,954902E+15
105138;1,957952E+15
10514;1,967102E+16
105142;1,954902E+15
105144;1,957952E+15
105146;1,961002E+16
105148;1,973202E+15
10515;1,967102E+16
105152;1,951853E+16
105154;1,961002E+16
105156;1,970152E+16
105158;1,961002E+16
10516;1,957952E+15
105162;1,964052E+16
105164;1,970152E+16
105166;1,954902E+15
105168;1,961002E+16
10517;1,973202E+15
105172;1,954902E+15
105174;1,954902E+15
105176;1,964052E+16
105178;1,970152E+16
10518;1,967102E+16
105182;1,964052E+16
105184;1,961002E+16
105186;1,970152E+16
105188;1,961002E+16
10519;1,957952E+15
105192;1,964052E+16
105194;1,970152E+16
105196;1,954902E+15
105198;1,964052E+16
1052;1,967102E+16
105202;1,964052E+16
105204;1,961002E+16
105206;1,964052E+16
105208;1,964052E+16
10521;1,961002E+16
105212;1,951853E+16
105214;1,967102E+16
105216;1,973202E+15
105218;1,957952E+15
10522;1,967102E+16
105222;1,965577E+15
105224;1,964052E+16
105226;1,954902E+15
105228;1,964052E+16
10523;1,970152E+16
105232;1,939653E+16
105234;1,954902E+15
105236;1,967102E+16
105238;1,973202E+15
10524;1,961002E+16
105242;1,954902E+15
105244;1,973202E+15
105246;1,976252E+15
105248;1,961002E+16
10525;1,964052E+16
105252;1,961002E+16
105254;1,961002E+16
105256;1,961002E+16
105258;1,967102E+16
10526;1,967102E+16
105262;1,965577E+15
105264;1,964052E+16
105266;1,961002E+16
105268;1,970152E+16
10527;1,967102E+16
105272;1,957952E+15
105274;1,967102E+16
105276;1,970152E+16
105278;1,954902E+15
10528;1,970152E+16
105282;1,948803E+16
105284;1,957952E+15
105286;1,964052E+16
105288;1,970152E+16
10529;1,967102E+16
105292;1,957952E+15
105294;1,957952E+15
105296;1,970152E+16
105298;1,970152E+16
1053;1,957952E+15
105302;1,964052E+16
105304;1,970152E+16
105306;1,957952E+15
105308;1,957952E+15
10531;1,967102E+16
105312;1,970152E+16
105314;1,967102E+16
105316;1,957952E+15
105318;1,967102E+16
10532;1,967102E+16
105322;1,961002E+16
105324;1,961002E+16
105326;1,970152E+16
105328;1,970152E+16
10533;1,957952E+15
105332;1,964052E+16
105334;1,970152E+16
105336;1,961002E+16
105338;1,964052E+16
10534;1,967102E+16
105342;1,961002E+16
105344;1,954902E+15
105346;1,970152E+16
105348;1,970152E+16
10535;1,985402E+15
105352;1,974727E+15
105354;1,964052E+16
105356;1,967102E+16
105358;1,964052E+16
10536;1,957952E+15
105362;1,955919E+15
105364;1,953886E+15
105366;1,951853E+16
105368;1,964052E+16
10537;1,967102E+16
105372;1,964052E+16
105374;1,961002E+16
105376;1,964052E+16
105378;1,973202E+15
10538;1,964052E+16
105382;1,967102E+16
105384;1,970152E+16
105386;1,982352E+16
105388;1,961002E+16
10539;1,961002E+16
105392;1,959477E+16
105394;1,957952E+15
105396;1,957952E+15
105398;1,973202E+15
1054;1,970152E+16
105402;1,961002E+16
105404;1,964052E+16
105406;1,964052E+16
105408;1,976252E+15
10541;1,961002E+16
105412;1,988452E+16
105414;1,973202E+15
105416;1,967102E+16
105418;1,954902E+15
10542;1,964052E+16
105422;1,962527E+16
105424;1,961002E+16
105426;1,964052E+16
105428;1,973202E+15
10543;1,979302E+16
105432;1,948803E+16
105434;1,964052E+16
105436;1,976252E+15
105438;1,970152E+16
10544;1,957952E+15
105442;1,964052E+16
105444;1,976252E+15
105446;1,970152E+16
105448;1,957952E+15
10545;1,973202E+15
105452;1,964052E+16
105454;1,964052E+16
105456;1,967102E+16
105458;1,970152E+16
10546;1,970152E+16
105462;1,961002E+16
105464;1,961002E+16
105466;1,973202E+15
105468;1,976252E+15
10547;1,957952E+15
105472;1,967102E+16
105474;1,979302E+16
105476;1,951853E+16
105478;1,964052E+16
10548;1,973202E+15
105482;1,957952E+15
105484;1,964052E+16
105486;1,964052E+16
105488;1,973202E+15
10549;1,967102E+16
105492;1,967102E+16
105494;1,967102E+16
105496;1,982352E+16
105498;1,964052E+16
1055;1,961002E+16
105502;1,964052E+16
105504;1,967102E+16
105506;1,957952E+15
105508;1,961002E+16
10551;1,964052E+16
105512;1,965577E+15
105514;1,967102E+16
105516;1,964052E+16
105518;1,976252E+15
10552;1,964052E+16
105522;1,971677E+15
105524;1,979302E+16
105526;1,967102E+16
105528;1,961002E+16
10553;1,967102E+16
105532;1,964052E+16
105534;1,961002E+16
105536;1,957952E+15
105538;1,964052E+16
10554;1,976252E+15
105542;1,968627E+15
105544;1,961002E+16
105546;1,970152E+16
105548;1,973202E+15
10555;1,964052E+16
105552;1,965577E+15
105554;1,967102E+16
105556;1,973202E+15
105558;1,967102E+16
10556;1,961002E+16
105562;1,961002E+16
105564;1,964052E+16
105566;1,961002E+16
105568;1,967102E+16
10557;1,970152E+16
105572;1,967102E+16
105574;1,964052E+16
105576;1,961002E+16
105578;1,970152E+16
10558;1,961002E+16
105582;1,970152E+16
105584;1,979302E+16
105586;1,967102E+16
105588;1,961002E+16
10559;1,970152E+16
105592;1,961002E+16
105594;1,961002E+16
105596;1,961002E+16
105598;1,957952E+15
1056;1,970152E+16
105602;1,972185E+16
105604;1,974219E+15
105606;1,976252E+15
105608;1,964052E+16
10561;1,951853E+16
105612;1,962527E+15
105614;1,973202E+15
105616;1,957952E+15
105618;1,961002E+16
10562;1,964052E+16
105622;1,964052E+16
105624;1,964052E+16
105626;1,957952E+15
105628;1,967102E+16
10563;1,967102E+16
105632;1,965577E+15
105634;1,964052E+16
105636;1,970152E+16
105638;1,951853E+16
10564;1,957952E+15
105642;1,962527E+16
105644;1,967102E+16
105646;1,961002E+16
105648;1,961002E+16
10565;1,964052E+16
105652;1,962527E+16
105654;1,961002E+16
105656;1,961002E+16
105658;1,967102E+16
10566;1,961002E+16
105662;1,962527E+16
105664;1,964052E+16
105666;1,964052E+16
105668;1,954902E+15
10567;1,954902E+15
105672;1,957952E+16
105674;1,961002E+16
105676;1,957952E+15
105678;1,957952E+15
10568;1,970152E+16
105682;1,965577E+15
105684;1,961002E+16
105686;1,961002E+16
105688;1,976252E+15
10569;1,961002E+16
105692;1,964052E+16
105694;1,967102E+16
105696;1,964052E+16
105698;1,954902E+15
1057;1,957952E+15
105702;1,967102E+16
105704;1,954902E+15
105706;1,957952E+15
105708;1,957952E+15
10571;1,967102E+16
105712;1,959477E+15
105714;1,951853E+16
105716;1,964052E+16
105718;1,964052E+16
10572;1,951853E+16
105722;1,948803E+16
105724;1,964052E+16
105726;1,957952E+15
105728;1,961002E+16
10573;1,961002E+16
105732;1,957952E+16
105734;1,954902E+15
105736;1,954902E+15
105738;1,961002E+16
10574;1,954902E+15
105742;1,956427E+16
105744;1,957952E+15
105746;1,970152E+16
105748;1,967102E+16
10575;1,951853E+16
105752;1,952869E+14
105754;1,953886E+15
105756;1,954902E+15
105758;1,957952E+15
10576;1,961002E+16
105762;1,961765E+16
105764;1,962527E+16
105766;1,963290E+15
105768;1,964052E+16
10577;1,970152E+16
105772;1,964052E+16
105774;1,957952E+15
105776;1,961002E+16
105778;1,957952E+15
10578;1,957952E+15
105782;1,962527E+16
105784;1,967102E+16
105786;1,951853E+16
105788;1,957952E+15
10579;1,961002E+16
105792;1,961002E+16
105794;1,961002E+16
105796;1,954902E+15
105798;1,967102E+16
1058;1,964052E+16
105802;1,964052E+16
105804;1,964052E+16
105806;1,970152E+16
105808;1,951853E+16
10581;1,951853E+16
105812;1,954902E+15
105814;1,957952E+15
105816;1,961002E+16
105818;1,957952E+15
10582;1,964052E+16
105822;1,957952E+16
105824;1,951853E+16
105826;1,948803E+16
105828;1,967102E+16
10583;1,954902E+15
105832;1,961002E+16
105834;1,967102E+16
105836;1,967102E+16
105838;1,954902E+15
10584;1,961002E+16
105842;1,959477E+16
105844;1,957952E+15
105846;1,957952E+15
105848;1,961002E+16
10585;1,964052E+16
105852;1,954902E+15
105854;1,948803E+16
105856;1,961002E+16
105858;1,967102E+16
10586;1,951853E+16
105862;1,954902E+15
105864;1,967102E+16
105866;1,964052E+16
105868;1,954902E+15
10587;1,961002E+16
105872;1,967102E+16
105874;1,961002E+16
105876;1,961002E+16
105878;1,961002E+16
10588;1,967102E+16
105882;1,954902E+15
105884;1,951853E+16
105886;1,961002E+16
105888;1,976252E+15
10589;1,954902E+15
105892;1,957952E+15
105894;1,970152E+16
105896;1,961002E+16
105898;1,951853E+16
1059;1,964052E+16
105902;1,964052E+16
105904;1,957952E+15
105906;1,961002E+16
105908;1,976252E+15
10591;1,967102E+16
105912;1,957952E+15
105914;1,961002E+16
105916;1,970152E+16
105918;1,970152E+16
10592;1,964052E+16
105922;1,964052E+16
105924;1,964052E+16
105926;1,961002E+16
105928;1,948803E+16
10593;1,964052E+16
105932;1,973202E+15
105934;1,957952E+15
105936;1,954902E+15
105938;1,970152E+16
10594;1,982352E+16
105942;1,954902E+15
105944;1,964052E+16
105946;1,967102E+16
105948;1,957952E+15
10595;1,957952E+15
105952;1,967102E+16
105954;1,970152E+16
105956;1,967102E+16
105958;1,961002E+16
10596;1,979302E+16
105962;1,970152E+16
105964;1,954902E+15
105966;1,957952E+15
105968;1,967102E+16
10597;1,964052E+16
105972;1,961002E+16
105974;1,964052E+16
105976;1,970152E+16
105978;1,961002E+16
10598;1,954902E+15
105982;1,967102E+16
105984;1,961002E+16
105986;1,957952E+15
105988;1,957952E+15
10599;1,964052E+16
105992;1,964052E+16
105994;1,957952E+15
105996;1,970152E+16
105998;1,973202E+15
106;1,961002E+16
106002;1,964052E+16
106004;1,973202E+15
106006;1,967102E+16
106008;1,961002E+16
10601;1,961002E+16
106012;1,967102E+16
106014;1,970152E+16
106016;1,961002E+16
106018;1,954902E+15
10602;1,970152E+16
106022;1,961002E+16
106024;1,957952E+15
106026;1,967102E+16
106028;1,970152E+16
10603;1,961002E+16
106032;1,964052E+16
106034;1,967102E+16
106036;1,973202E+15
106038;1,961002E+16
10604;1,957952E+15
106042;1,970152E+16
106044;1,961002E+16
106046;1,954902E+15
106048;1,973202E+15
10605;1,973202E+15
106052;1,961002E+16
106054;1,961002E+16
106056;1,973202E+15
106058;1,967102E+16
10606;1,957952E+15
106062;1,970152E+16
106064;1,970152E+16
106066;1,961002E+16
106068;1,957952E+15
10607;1,967102E+16
106072;1,976252E+15
106074;1,964052E+16
106076;1,957952E+15
106078;1,976252E+15
10608;1,964052E+16
106082;1,964052E+16
106084;1,957952E+15
106086;1,967102E+16
106088;1,961002E+16
10609;1,961002E+16
106092;1,961002E+16
106094;1,970152E+16
106096;1,961002E+16
106098;1,961002E+16
1061;1,967102E+16
106102;1,967102E+16
106104;1,957952E+15
106106;1,957952E+15
106108;1,967102E+16
10611;1,964052E+16
106112;1,961002E+16
106114;1,973202E+15
106116;1,964052E+16
106118;1,957952E+15
10612;1,957952E+15
106122;1,964052E+16
106124;1,970152E+16
106126;1,957952E+15
106128;1,954902E+15
10613;1,973202E+15
106132;1,967102E+16
106134;1,957952E+15
106136;1,964052E+16
106138;1,970152E+16
10614;1,965577E+15
106142;1,961002E+16
106144;1,967102E+16
106146;1,967102E+16
106148;1,964052E+16
10615;1,964052E+16
106152;1,970152E+16
106154;1,964052E+16
106156;1,948803E+16
106158;1,961002E+16
10616;1,964052E+16
106162;1,961002E+16
106164;1,964052E+16
106166;1,970152E+16
106168;1,964052E+16
10617;1,961002E+16
106172;1,961002E+16
106174;1,964052E+16
106176;1,961002E+16
106178;1,957952E+15
10618;1,954902E+15
106182;1,964052E+16
106184;1,954902E+15
106186;1,951853E+16
106188;1,967102E+16
10619;1,967102E+16
106192;1,961002E+16
106194;1,961002E+16
106196;1,967102E+16
106198;1,961002E+16
1062;1,948803E+16
106202;1,954902E+15
106204;1,964052E+16
106206;1,961002E+16
106208;1,954902E+15
10621;1,957952E+15
106212;1,964052E+16
106214;1,961002E+16
106216;1,951853E+16
106218;1,970152E+16
10622;1,964052E+16
106222;1,951853E+16
106224;1,957952E+15
106226;1,967102E+16
106228;1,961002E+16
10623;1,957952E+15
106232;1,957952E+15
106234;1,957952E+15
106236;1,957952E+15
106238;1,948803E+16
10624;1,964052E+16
106242;1,964052E+16
106244;1,962527E+16
106246;1,961002E+16
106248;1,967102E+16
10625;1,957952E+15
106252;1,957952E+15
106254;1,961002E+16
106256;1,961002E+16
106258;1,961002E+16
10626;1,954902E+15
106262;1,957952E+15
106264;1,964052E+16
106266;1,951853E+16
106268;1,957952E+15
10627;1,964052E+16
106272;1,964052E+16
106274;1,951853E+16
106276;1,961002E+16
106278;1,967102E+16
10628;1,957952E+15
106282;1,954902E+15
106284;1,957952E+15
106286;1,970152E+16
106288;1,967102E+16
10629;1,954902E+15
106292;1,964052E+16
106294;1,961002E+16
106296;1,951853E+16
106298;1,961002E+16
1063;1,964052E+16
106302;1,954902E+15
106304;1,954902E+15
106306;1,967102E+16
106308;1,964052E+16
10631;1,954902E+15
106312;1,957952E+15
106314;1,964052E+16
106316;1,954902E+15
106318;1,964052E+16
10632;1,954902E+15
106322;1,970152E+16
106324;1,964052E+16
106326;1,954902E+15
106328;1,961002E+16
10633;1,973202E+15
106332;1,951853E+16
106334;1,948803E+16
106336;1,964052E+16
106338;1,967102E+16
10634;1,957952E+15
106342;1,957952E+15
106344;1,957952E+15
106346;1,967102E+16
106348;1,979302E+16
10635;1,970152E+16
106352;1,961002E+16
106354;1,951853E+16
106356;1,945753E+15
106358;1,967102E+16
10636;1,967102E+16
106362;1,957952E+15
106364;1,957952E+15
106366;1,957952E+15
106368;1,961002E+16
10637;1,954902E+15
106372;1,954902E+15
106374;1,973202E+15
106376;1,961002E+16
106378;1,954902E+15
10638;1,967102E+16
106382;1,964052E+16
106384;1,954902E+15
106386;1,954902E+15
106388;1,964052E+16
10639;1,964052E+16
106392;1,957952E+15
106394;1,957952E+15
106396;1,967102E+16
106398;1,961002E+16
1064;1,961002E+16
106402;1,961002E+16
106404;1,967102E+16
106406;1,961002E+16
106408;1,954902E+15
10641;1,964052E+16
106412;1,970152E+16
106414;1,957952E+15
106416;1,957952E+15
106418;1,964052E+16
10642;1,957952E+15
106422;1,954902E+15
106424;1,961002E+16
106426;1,951853E+16
106428;1,961002E+16
10643;1,951853E+16
106432;1,964052E+16
106434;1,964052E+16
106436;1,954902E+15
106438;1,957952E+15
10644;1,967102E+16
106442;1,954902E+15
106444;1,954902E+15
106446;1,964052E+16
106448;1,964052E+16
10645;1,961002E+16
106452;1,948803E+16
106454;1,957952E+15
106456;1,970152E+16
106458;1,954902E+15
10646;1,951853E+16
106462;1,970152E+16
106464;1,961002E+16
106466;1,948803E+16
106468;1,964052E+16
10647;1,970152E+16
106472;1,954902E+15
106474;1,954902E+15
106476;1,957952E+15
106478;1,970152E+16
10648;1,961002E+16
106482;1,948803E+16
106484;1,954902E+15
106486;1,964052E+16
106488;1,951853E+16
10649;1,964052E+16
106492;1,954902E+15
106494;1,954902E+15
106496;1,957952E+15
106498;1,967102E+16
1065;1,961002E+16
106502;1,964052E+16
106504;1,954902E+15
106506;1,961002E+16
106508;1,964052E+16
10651;1,957952E+15
106512;1,957952E+15
106514;1,961002E+16
106516;1,957952E+15
106518;1,948803E+16
10652;1,961002E+16
106522;1,970152E+16
106524;1,954902E+15
106526;1,951853E+16
106528;1,967102E+16
10653;1,954902E+15
106532;1,961002E+16
106534;1,954902E+15
106536;1,964052E+16
106538;1,957952E+15
10654;1,961002E+16
106542;1,957952E+15
106544;1,967102E+16
106546;1,957952E+15
106548;1,948803E+16
10655;1,961002E+16
106552;1,967102E+16
106554;1,957952E+15
106556;1,951853E+16
106558;1,967102E+16
10656;1,964052E+16
106562;1,961002E+16
106564;1,957952E+15
106566;1,957952E+15
106568;1,957952E+15
10657;1,945753E+15
106572;1,964052E+16
106574;1,964052E+16
106576;1,948803E+16
106578;1,951853E+16
10658;1,967102E+16
106582;1,954902E+15
106584;1,954902E+15
106586;1,967102E+16
106588;1,964052E+16
10659;1,967102E+16
106592;1,948803E+16
106594;1,951853E+16
106596;1,964052E+16
106598;1,951853E+16
1066;1,951853E+16
106602;1,967102E+16
106604;1,967102E+16
106606;1,951853E+16
106608;1,964052E+16
10661;1,964052E+16
106612;1,951853E+16
106614;1,957952E+15
106616;1,957952E+15
106618;1,961002E+16
10662;1,951853E+16
106622;1,948803E+16
106624;1,957952E+15
106626;1,961002E+16
106628;1,957952E+15
10663;1,954902E+15
106632;1,964052E+16
106634;1,961002E+16
106636;1,951853E+16
106638;1,964052E+16
10664;1,957952E+15
106642;1,951853E+16
106644;1,961002E+16
106646;1,961002E+16
106648;1,961002E+16
10665;1,954902E+15
106652;1,945753E+15
106654;1,967102E+16
106656;1,957952E+15
106658;1,948803E+16
10666;1,957952E+15
106662;1,967102E+16
106664;1,948803E+16
106666;1,951853E+16
106668;1,961002E+16
10667;1,964052E+16
106672;1,961002E+16
106674;1,948803E+16
106676;1,954902E+15
106678;1,967102E+16
10668;1,954902E+15
106682;1,954902E+15
106684;1,970152E+16
106686;1,954902E+15
106688;1,948803E+16
10669;1,961002E+16
106692;1,957952E+15
106694;1,951853E+16
106696;1,951853E+16
106698;1,964052E+16
1067;1,967102E+16
106702;1,948803E+16
106704;1,954902E+15
106706;1,967102E+16
106708;1,951853E+16
10671;1,945753E+15
106712;1,967102E+16
106714;1,961002E+16
106716;1,951853E+16
106718;1,954902E+15
10672;1,964052E+16
106722;1,961002E+16
106724;1,954902E+15
106726;1,951853E+16
106728;1,961002E+16
10673;1,961002E+16
106732;1,951853E+16
106734;1,954902E+15
106736;1,961002E+16
106738;1,948803E+16
10674;1,951853E+16
106742;1,961002E+16
106744;1,967102E+16
106746;1,954902E+15
106748;1,961002E+16
10675;1,964052E+16
106752;1,961002E+16
106754;1,951853E+16
106756;1,961002E+16
106758;1,961002E+16
10676;1,954902E+15
106762;1,951853E+16
106764;1,964052E+16
106766;1,964052E+16
106768;1,951853E+16
10677;1,951853E+16
106772;1,964052E+16
106774;1,957952E+15
106776;1,957952E+15
106778;1,961002E+16
10678;1,957952E+15
106782;1,957952E+15
106784;1,954902E+15
106786;1,951853E+16
106788;1,967102E+16
10679;1,954902E+15
106792;1,948803E+16
106794;1,964052E+16
106796;1,961002E+16
106798;1,951853E+16
1068;1,964052E+16
106802;1,957952E+15
106804;1,954902E+15
106806;1,948803E+16
106808;1,957952E+15
10681;1,964052E+16
106812;1,951853E+16
106814;1,957952E+15
106816;1,961002E+16
106818;1,961002E+16
10682;1,948803E+16
106822;1,961002E+16
106824;1,967102E+16
106826;1,957952E+15
106828;1,951853E+16
10683;1,964052E+16
106832;1,961002E+16
106834;1,954902E+15
106836;1,951853E+16
106838;1,964052E+16
10684;1,961002E+16
106842;1,957952E+15
106844;1,951853E+16
106846;1,964052E+16
106848;1,961002E+16
10685;1,951853E+16
106852;1,967102E+16
106854;1,970152E+16
106856;1,957952E+15
106858;1,951853E+16
10686;1,957952E+15
106862;1,964052E+16
106864;1,961002E+16
106866;1,951853E+16
106868;1,954902E+15
10687;1,964052E+16
106872;1,954902E+15
106874;1,954902E+15
106876;1,967102E+16
106878;1,964052E+16
10688;1,948803E+16
106882;1,967102E+16
106884;1,967102E+16
106886;1,951853E+16
106888;1,954902E+15
10689;1,957952E+16
106892;1,961002E+16
106894;1,951853E+16
106896;1,948803E+16
106898;1,964052E+16
1069;1,957952E+15
106902;1,948803E+16
106904;1,970152E+16
106906;1,970152E+16
106908;1,951853E+16
10691;1,957952E+15
106912;1,970152E+16
106914;1,970152E+16
106916;1,954902E+15
106918;1,951853E+16
10692;1,964052E+16
106922;1,964052E+16
106924;1,951853E+16
106926;1,957952E+15
106928;1,967102E+16
10693;1,957952E+15
106932;1,957952E+15
106934;1,967102E+16
106936;1,964052E+16
106938;1,951853E+16
10694;1,954902E+15
106942;1,964052E+16
106944;1,964052E+16
106946;1,957952E+15
106948;1,964052E+16
10695;1,964052E+16
106952;1,954902E+15
106954;1,957952E+15
106956;1,964052E+16
106958;1,967102E+16
10696;1,954902E+15
106962;1,951853E+16
106964;1,970152E+16
106966;1,961002E+16
106968;1,951853E+16
10697;1,961002E+16
106972;1,964052E+16
106974;1,957952E+15
106976;1,954902E+15
106978;1,964052E+16
10698;1,964052E+16
106982;1,957952E+15
106984;1,951853E+16
106986;1,957952E+15
106988;1,964052E+16
10699;1,948803E+16
106992;1,954902E+15
106994;1,967102E+16
106996;1,954902E+15
106998;1,957952E+15
107;1,957952E+15
107002;1,961002E+16
107004;1,957952E+15
107006;1,957952E+15
107008;1,964052E+16
10701;1,964052E+16
107012;1,951853E+16
107014;1,957952E+15
107016;1,964052E+16
107018;1,954902E+15
10702;1,948803E+16
107022;1,961002E+16
107024;1,967102E+16
107026;1,957952E+15
107028;1,954902E+15
10703;1,964052E+16
107032;1,964052E+16
107034;1,957952E+15
107036;1,948803E+16
107038;1,970152E+16
10704;1,957952E+15
107042;1,948803E+16
107044;1,961002E+16
107046;1,964052E+16
107048;1,951853E+16
10705;1,951853E+16
107052;1,957952E+15
107054;1,964052E+16
107056;1,951853E+16
107058;1,951853E+16
10706;1,961002E+16
107062;1,954902E+15
107064;1,942703E+16
107066;1,954902E+15
107068;1,961002E+16
10707;1,961002E+16
107072;1,951853E+16
107074;1,957952E+15
107076;1,961002E+16
107078;1,948803E+16
10708;1,954902E+15
107082;1,954902E+15
107084;1,954902E+15
107086;1,954902E+15
107088;1,954902E+15
10709;1,964052E+16
107092;1,954902E+15
107094;1,948803E+16
107096;1,961002E+16
107098;1,957952E+15
1071;1,951853E+16
107102;1,951853E+16
107104;1,957952E+15
107106;1,954902E+15
107108;1,948803E+16
10711;1,954902E+15
107112;1,964052E+16
107114;1,957952E+15
107116;1,948803E+16
107118;1,948803E+16
10712;1,961002E+16
107122;1,951853E+16
107124;1,939653E+16
107126;1,976252E+15
107128;1,964052E+16
10713;1,945753E+15
107132;1,954902E+15
107134;1,957952E+15
107136;1,951853E+16
107138;1,973202E+15
10714;1,957952E+15
107142;1,954902E+15
107144;1,951853E+16
107146;1,942703E+16
107148;1,954902E+15
10715;1,954902E+15
107152;1,945753E+15
107154;1,945753E+15
107156;1,961002E+16
107158;1,951853E+16
10716;1,948803E+16
107162;1,954902E+15
107164;1,961002E+16
107166;1,951853E+16
107168;1,948803E+16
10717;1,961002E+16
107172;1,957952E+15
107174;1,951853E+16
107176;1,948803E+16
107178;1,957952E+15
10718;1,957952E+15
107182;1,945753E+15
107184;1,951853E+16
107186;1,964052E+16
107188;1,945753E+15
10719;1,951853E+16
107192;1,957952E+15
107194;1,948803E+16
107196;1,948803E+16
107198;1,951853E+16
1072;1,951853E+16
107202;1,954902E+15
107204;1,942703E+16
107206;1,948803E+16
107208;1,964052E+16
10721;1,951853E+16
107212;1,942703E+16
107214;1,957952E+15
107216;1,954902E+15
107218;1,951853E+16
10722;1,948803E+16
107222;1,954902E+15
107224;1,961002E+16
107226;1,948803E+16
107228;1,948803E+16
10723;1,961002E+16
107232;1,957952E+15
107234;1,939653E+16
107236;1,951853E+16
107238;1,951853E+16
10724;1,948803E+16
107242;1,967102E+16
107244;1,954902E+15
107246;1,954902E+15
107248;1,951853E+16
10725;1,951853E+16
107252;1,961002E+16
107254;1,957952E+15
107256;1,945753E+15
107258;1,954902E+15
10726;1,964052E+16
107262;1,945753E+15
107264;1,942703E+16
107266;1,961002E+16
107268;1,964052E+16
10727;1,945753E+15
107272;1,948803E+16
107274;1,954902E+15
107276;1,951853E+16
107278;1,948803E+16
10728;1,954902E+15
107282;1,961002E+16
107284;1,951853E+16
107286;1,948803E+16
107288;1,951853E+16
10729;1,961002E+16
107292;1,951853E+16
107294;1,945753E+15
107296;1,961002E+16
107298;1,954902E+15
1073;1,945753E+15
107302;1,957952E+15
107304;1,957952E+15
107306;1,954902E+15
107308;1,951853E+16
10731;1,945753E+15
107312;1,964052E+16
107314;1,951853E+16
107316;1,945753E+15
107318;1,964052E+16
10732;1,964052E+16
107322;1,948803E+16
107324;1,957952E+15
107326;1,961002E+16
107328;1,954902E+15
10733;1,954902E+15
107332;1,954902E+15
107334;1,957952E+15
107336;1,954902E+15
107338;1,951853E+16
10734;1,957952E+15
107342;1,961002E+16
107344;1,951853E+16
107346;1,959477E+15
107348;1,967102E+16
10735;1,954902E+15
107352;1,954902E+15
107354;1,961002E+16
107356;1,961002E+16
107358;1,951853E+16
10736;1,948803E+16
107362;1,967102E+16
107364;1,964052E+16
107366;1,954902E+15
107368;1,948803E+16
10737;1,967102E+16
107372;1,970152E+16
107374;1,948803E+16
107376;1,961002E+16
107378;1,964052E+16
10738;1,954902E+15
107382;1,948803E+16
107384;1,961002E+16
107386;1,967102E+16
107388;1,957952E+15
10739;1,954902E+15
107392;1,961002E+16
107394;1,957952E+15
107396;1,961002E+16
107398;1,961002E+16
1074;1,970152E+16
107402;1,957952E+15
107404;1,948803E+16
107406;1,967102E+16
107408;1,964052E+16
10741;1,951853E+16
107412;1,957952E+15
107414;1,967102E+16
107416;1,964052E+16
107418;1,957952E+15
10742;1,954902E+15
107422;1,967102E+16
107424;1,951853E+16
107426;1,951853E+16
107428;1,970152E+16
10743;1,970152E+16
107432;1,951853E+16
107434;1,951853E+16
107436;1,970152E+16
107438;1,964052E+16
10744;1,957952E+15
107442;1,954902E+15
107444;1,961002E+16
107446;1,964052E+16
107448;1,954902E+15
10745;1,948803E+16
107452;1,970152E+16
107454;1,954902E+15
107456;1,957952E+15
107458;1,964052E+16
10746;1,967102E+16
107462;1,964052E+16
107464;1,957952E+15
107466;1,964052E+16
107468;1,964052E+16
10747;1,954902E+15
107472;1,957952E+15
107474;1,967102E+16
107476;1,951853E+16
107478;1,954902E+15
10748;1,964052E+16
107482;1,967102E+16
107484;1,957952E+15
107486;1,961002E+16
107488;1,967102E+16
10749;1,964052E+16
107492;1,951853E+16
107494;1,961002E+16
107496;1,964052E+16
107498;1,957952E+15
1075;1,954902E+15
107502;1,967102E+16
107504;1,967102E+16
107506;1,961002E+16
107508;1,951853E+16
10751;1,964052E+16
107512;1,964052E+16
107514;1,945753E+15
107516;1,961002E+16
107518;1,973202E+15
10752;1,951853E+16
107522;1,954902E+15
107524;1,957952E+15
107526;1,967102E+16
107528;1,957952E+15
10753;1,954902E+15
107532;1,954902E+15
107534;1,964052E+16
107536;1,961002E+16
107538;1,961002E+16
10754;1,964052E+16
107542;1,951853E+16
107544;1,942703E+16
107546;1,961002E+16
107548;1,957952E+15
10755;1,957952E+15
107552;1,954902E+15
107554;1,954902E+15
107556;1,970152E+16
107558;1,954902E+15
10756;1,954902E+15
107562;1,967102E+16
107564;1,957952E+15
107566;1,948803E+16
107568;1,954902E+15
10757;1,961002E+16
107572;1,951853E+16
107574;1,951853E+16
107576;1,964052E+16
107578;1,964052E+16
10758;1,945753E+15
107582;1,951853E+16
107584;1,954902E+15
107586;1,948803E+16
107588;1,954902E+15
10759;1,948803E+16
107592;1,957952E+15
107594;1,948803E+16
107596;1,945753E+15
107598;1,964052E+16
1076;1,964052E+16
107602;1,945753E+15
107604;1,948803E+16
107606;1,957952E+15
107608;1,951853E+16
10761;1,945753E+15
107612;1,957952E+15
107614;1,954902E+15
107616;1,957952E+15
107618;1,942703E+16
10762;1,961002E+16
107622;1,967102E+16
107624;1,939653E+16
107626;1,945753E+15
107628;1,964052E+16
10763;1,957952E+15
107632;1,942703E+16
107634;1,951853E+16
107636;1,951853E+16
107638;1,961002E+16
10764;1,951853E+16
107642;1,948803E+16
107644;1,964052E+16
107646;1,948803E+16
107648;1,942703E+16
10765;1,957952E+15
107652;1,961002E+16
107654;1,942703E+16
107656;1,951853E+16
107658;1,957952E+15
10766;1,954902E+15
107662;1,948803E+16
107664;1,951853E+16
107666;1,954902E+15
107668;1,948803E+16
10767;1,942703E+16
107672;1,957952E+15
107674;1,957952E+15
107676;1,942703E+16
107678;1,951853E+16
10768;1,954902E+15
107682;1,951853E+16
107684;1,945753E+15
107686;1,951853E+16
107688;1,951853E+16
10769;1,948803E+16
107692;1,945753E+15
107694;1,957952E+15
107696;1,957952E+15
107698;1,948803E+16
1077;1,945753E+15
107702;1,954902E+15
107704;1,954902E+15
107706;1,945753E+15
107708;1,948803E+16
10771;1,954902E+15
107712;1,945753E+15
107714;1,951853E+16
107716;1,964052E+16
107718;1,948803E+16
10772;1,948803E+16
107722;1,948803E+16
107724;1,954902E+15
107726;1,954902E+15
107728;1,945753E+15
10773;1,945753E+15
107732;1,957952E+15
107734;1,957952E+15
107736;1,957952E+15
107738;1,957952E+15
10774;1,954902E+15
107742;1,945753E+15
107744;1,954902E+15
107746;1,964052E+16
107748;1,957952E+15
10775;1,951853E+16
107752;1,945753E+15
107754;1,954902E+15
107756;1,954902E+15
107758;1,948803E+16
10776;1,951853E+16
107762;1,961002E+16
107764;1,948803E+16
107766;1,948803E+16
107768;1,957952E+15
10777;1,954902E+15
107772;1,951853E+16
107774;1,945753E+15
107776;1,954902E+15
107778;1,954902E+15
10778;1,951853E+16
107782;1,948803E+16
107784;1,957952E+15
107786;1,951853E+16
107788;1,945753E+15
10779;1,957952E+15
107792;1,954902E+15
107794;1,945753E+15
107796;1,945753E+15
107798;1,961002E+16
1078;1,948803E+16
107802;1,942703E+16
107804;1,945753E+15
107806;1,954902E+15
107808;1,951853E+16
10781;1,951853E+16
107812;1,961002E+16
107814;1,961002E+16
107816;1,951853E+16
107818;1,942703E+16
10782;1,964052E+16
107822;1,954902E+15
107824;1,948803E+16
107826;1,954902E+15
107828;1,951853E+16
10783;1,945753E+15
107832;1,951853E+16
107834;1,954902E+15
107836;1,964052E+16
107838;1,957952E+15
10784;1,959477E+16
107842;1,961002E+16
107844;1,961002E+16
107846;1,948803E+16
107848;1,954902E+15
10785;1,964052E+16
107852;1,948803E+16
107854;1,954902E+15
107856;1,957952E+15
107858;1,954902E+15
10786;1,948803E+16
107862;1,954902E+15
107864;1,957952E+15
107866;1,957952E+15
107868;1,945753E+15
10787;1,951853E+16
107872;1,961002E+16
107874;1,951853E+16
107876;1,948803E+16
107878;1,954902E+15
10788;1,964052E+16
107882;1,951853E+16
107884;1,945753E+15
107886;1,954902E+15
107888;1,964052E+16
10789;1,948803E+16
107892;1,954902E+15
107894;1,954902E+15
107896;1,954902E+15
107898;1,948803E+16
1079;1,954902E+15
107902;1,970152E+16
107904;1,957952E+15
107906;1,954902E+15
107908;1,961002E+16
10791;1,957952E+15
107912;1,945753E+15
107914;1,951853E+16
107916;1,951853E+16
107918;1,954902E+15
10792;1,957952E+15
107922;1,951853E+16
107924;1,961002E+16
107926;1,957952E+15
107928;1,954902E+15
10793;1,964052E+16
107932;1,961002E+16
107934;1,945753E+15
107936;1,951853E+16
107938;1,961002E+16
10794;1,954902E+15
107942;1,951853E+16
107944;1,948803E+16
107946;1,961002E+16
107948;1,957952E+15
10795;1,948803E+16
107952;1,954902E+15
107954;1,967102E+16
107956;1,951853E+16
107958;1,957952E+15
10796;1,961002E+16
107962;1,961002E+16
107964;1,954902E+15
107966;1,954902E+15
107968;1,957952E+15
10797;1,957952E+15
107972;1,951853E+16
107974;1,954902E+15
107976;1,961002E+16
107978;1,954902E+15
10798;1,951853E+16
107982;1,961002E+16
107984;1,964052E+16
107986;1,948803E+16
107988;1,954902E+15
10799;1,961002E+16
107992;1,945753E+15
107994;1,954902E+15
107996;1,961002E+16
107998;1,961002E+16
108;1,948803E+16
108002;1,948803E+16
108004;1,951853E+16
108006;1,964052E+16
108008;1,948803E+16
10801;1,945753E+15
108012;1,957952E+15
108014;1,967102E+16
108016;1,942703E+16
108018;1,954902E+15
10802;1,961002E+16
108022;1,954902E+15
108024;1,954902E+15
108026;1,954902E+15
108028;1,957952E+15
10803;1,954902E+15
108032;1,942703E+16
108034;1,964052E+16
108036;1,954902E+15
108038;1,942703E+16
10804;1,948803E+16
108042;1,964052E+16
108044;1,961002E+16
108046;1,951853E+16
108048;1,954902E+15
10805;1,954902E+15
108052;1,948803E+16
108054;1,954902E+15
108056;1,954902E+15
108058;1,951853E+16
10806;1,948803E+16
108062;1,951853E+16
108064;1,953378E+16
108066;1,954902E+15
108068;1,945753E+15
10807;1,961002E+16
108072;1,961002E+16
108074;1,951853E+16
108076;1,948803E+16
108078;1,957952E+15
10808;1,961002E+16
108082;1,948803E+16
108084;1,942703E+16
108086;1,967102E+16
108088;1,957952E+15
10809;1,948803E+16
108092;1,954902E+15
108094;1,961002E+16
108096;1,948803E+16
108098;1,951853E+16
1081;1,961002E+16
108102;1,954902E+15
108104;1,954902E+15
108106;1,951853E+16
108108;1,961002E+16
10811;1,961002E+16
108112;1,951853E+16
108114;1,951853E+16
108116;1,957952E+15
108118;1,945753E+15
10812;1,948803E+16
108122;1,954902E+15
108124;1,957952E+15
108126;1,948803E+16
108128;1,951853E+16
10813;1,964052E+16
108132;1,948803E+16
108134;1,948803E+16
108136;1,957952E+15
108138;1,954902E+15
10814;1,951853E+16
108142;1,945753E+15
108144;1,951853E+16
108146;1,964052E+16
108148;1,954902E+15
10815;1,945753E+15
108152;1,961002E+16
108154;1,957952E+15
108156;1,948803E+16
108158;1,954902E+15
10816;1,954902E+15
108162;1,954902E+15
108164;1,951853E+16
108166;1,945753E+15
108168;1,957952E+15
10817;1,951853E+16
108172;1,948803E+16
108174;1,954902E+15
108176;1,957952E+15
108178;1,945753E+15
10818;1,957952E+15
108182;1,957952E+15
108184;1,957952E+15
108186;1,948803E+16
108188;1,948803E+16
10819;1,967102E+16
108192;1,951853E+16
108194;1,954902E+15
108196;1,957952E+15
108198;1,957952E+15
1082;1,951853E+16
108202;1,954902E+15
108204;1,957952E+15
108206;1,964052E+16
108208;1,948803E+16
10821;1,951853E+16
108212;1,964052E+16
108214;1,957952E+15
108216;1,948803E+16
108218;1,954902E+15
10822;1,961002E+16
108222;1,948803E+16
108224;1,951853E+16
108226;1,961002E+16
108228;1,961002E+16
10823;1,948803E+16
108232;1,948803E+16
108234;1,957952E+15
108236;1,945753E+15
108238;1,951853E+16
10824;1,951853E+16
108242;1,954902E+15
108244;1,948803E+16
108246;1,954902E+15
108248;1,957952E+15
10825;1,964052E+16
108252;1,951853E+16
108254;1,948803E+16
108256;1,961002E+16
108258;1,951853E+16
10826;1,942703E+16
108262;1,957952E+15
108264;1,961002E+16
108266;1,942703E+16
108268;1,945753E+15
10827;1,957952E+15
108272;1,957952E+15
108274;1,951853E+16
108276;1,954902E+15
108278;1,964052E+16
10828;1,957952E+15
108282;1,942703E+16
108284;1,948803E+16
108286;1,961002E+16
108288;1,948803E+16
10829;1,948803E+16
108292;1,954902E+15
108294;1,961002E+16
108296;1,951853E+16
108298;1,951853E+16
1083;1,957952E+15
108302;1,961002E+16
108304;1,948803E+16
108306;1,951853E+16
108308;1,961002E+16
10831;1,951853E+16
108312;1,948803E+16
108314;1,964052E+16
108316;1,957952E+15
108318;1,954902E+15
10832;1,954902E+15
108322;1,961002E+16
108324;1,951853E+16
108326;1,945753E+15
108328;1,957952E+15
10833;1,954902E+15
108332;1,948803E+16
108334;1,951853E+16
108336;1,957952E+15
108338;1,961002E+16
10834;1,954902E+15
108342;1,945753E+15
108344;1,964052E+16
108346;1,961002E+16
108348;1,951853E+16
10835;1,945753E+15
108352;1,961002E+16
108354;1,957952E+15
108356;1,951853E+16
108358;1,951853E+16
10836;1,957952E+15
108362;1,948803E+16
108364;1,951853E+16
108366;1,957952E+15
108368;1,957952E+15
10837;1,942703E+16
108372;1,948803E+16
108374;1,957952E+15
108376;1,948803E+16
108378;1,951853E+16
10838;1,957952E+15
108382;1,961002E+16
108384;1,957952E+15
108386;1,948803E+16
108388;1,957952E+15
10839;1,964052E+16
108392;1,945753E+15
108394;1,945753E+15
108396;1,957952E+15
108398;1,954902E+15
1084;1,945753E+15
108402;1,951853E+16
108404;1,967102E+16
108406;1,954902E+15
108408;1,942703E+16
10841;1,954902E+15
108412;1,961002E+16
108414;1,954902E+15
108416;1,951853E+16
108418;1,957952E+15
10842;1,951853E+16
108422;1,945753E+15
108424;1,951853E+16
108426;1,961002E+16
108428;1,948803E+16
10843;1,951853E+16
108432;1,957952E+15
108434;1,957952E+15
108436;1,948803E+16
108438;1,951853E+16
10844;1,954902E+15
108442;1,964052E+16
108444;1,945753E+15
108446;1,945753E+15
108448;1,964052E+16
10845;1,954902E+15
108452;1,945753E+15
108454;1,957952E+15
108456;1,964052E+16
108458;1,951853E+16
10846;1,951853E+16
108462;1,961002E+16
108464;1,948803E+16
108466;1,954902E+15
108468;1,951853E+16
10847;1,954902E+15
108472;1,954902E+15
108474;1,948803E+16
108476;1,951853E+16
108478;1,961002E+16
10848;1,951853E+16
108482;1,948803E+16
108484;1,961002E+16
108486;1,957952E+15
108488;1,951853E+16
10849;1,951853E+16
108492;1,957952E+15
108494;1,951853E+16
108496;1,948803E+16
108498;1,954902E+15
1085;1,961002E+16
108502;1,951853E+16
108504;1,945753E+15
108506;1,961002E+16
108508;1,954902E+15
10851;1,942703E+16
108512;1,948803E+16
108514;1,951853E+16
108516;1,951853E+16
108518;1,945753E+15
10852;1,948803E+16
108522;1,954902E+15
108524;1,948803E+16
108526;1,942703E+16
108528;1,951853E+16
10853;1,961002E+16
108532;1,951853E+16
108534;1,942703E+16
108536;1,964052E+16
108538;1,957952E+15
10854;1,948803E+16
108542;1,951853E+16
108544;1,954902E+15
108546;1,954902E+15
108548;1,945753E+15
10855;1,961002E+16
108552;1,954902E+15
108554;1,948803E+16
108556;1,948803E+16
108558;1,951853E+16
10856;1,954902E+15
108562;1,951853E+16
108564;1,945753E+15
108566;1,947278E+16
108568;1,948803E+16
10857;1,948803E+16
108572;1,961002E+16
108574;1,954902E+15
108576;1,954902E+15
108578;1,954902E+15
10858;1,957952E+15
108582;1,957952E+15
108584;1,942703E+16
108586;1,948803E+16
108588;1,951853E+16
10859;1,954902E+15
108592;1,951853E+16
108594;1,957952E+15
108596;1,957952E+15
108598;1,951853E+16
1086;1,951853E+16
108602;1,957952E+15
108604;1,954902E+15
108606;1,951853E+16
108608;1,948803E+16
10861;1,954902E+15
108612;1,961002E+16
108614;1,948803E+16
108616;1,957952E+15
108618;1,957952E+15
10862;1,951853E+16
108622;1,948803E+16
108624;1,951853E+16
108626;1,964052E+16
108628;1,951853E+16
10863;1,951853E+16
108632;1,954902E+15
108634;1,954902E+15
108636;1,948803E+16
108638;1,948803E+16
10864;1,964052E+16
108642;1,954902E+15
108644;1,942703E+16
108646;1,961002E+16
108648;1,957952E+15
10865;1,954902E+15
108652;1,951853E+16
108654;1,961002E+16
108656;1,957952E+15
108658;1,948803E+16
10866;1,951853E+16
108662;1,957952E+15
108664;1,954902E+15
108666;1,948803E+16
108668;1,954902E+15
10867;1,961002E+16
108672;1,954902E+15
108674;1,942703E+16
108676;1,961002E+16
108678;1,964052E+16
10868;1,945753E+15
108682;1,951853E+16
108684;1,961002E+16
108686;1,954902E+15
108688;1,945753E+15
10869;1,951853E+16
108692;1,961002E+16
108694;1,951853E+16
108696;1,951853E+16
108698;1,957952E+15
1087;1,961002E+16
108702;1,948803E+16
108704;1,951853E+16
108706;1,964052E+16
108708;1,948803E+16
10871;1,945753E+15
108712;1,954902E+15
108714;1,957952E+15
108716;1,954902E+15
108718;1,957952E+15
10872;1,957952E+15
108722;1,967102E+16
108724;1,951853E+16
108726;1,951853E+16
108728;1,961002E+16
10873;1,961002E+16
108732;1,951853E+16
108734;1,951853E+16
108736;1,961002E+16
108738;1,951853E+16
10874;1,948803E+16
108742;1,957952E+15
108744;1,945753E+15
108746;1,948803E+16
108748;1,951853E+16
10875;1,954902E+15
108752;1,961002E+16
108754;1,954902E+15
108756;1,954902E+15
108758;1,964052E+16
10876;1,957952E+15
108762;1,945753E+15
108764;1,964052E+16
108766;1,961002E+16
108768;1,951853E+16
10877;1,945753E+15
108772;1,957952E+15
108774;1,961002E+16
108776;1,951853E+16
108778;1,951853E+16
10878;1,961002E+16
108782;1,961002E+16
108784;1,948803E+16
108786;1,954902E+15
108788;1,964052E+16
10879;1,945753E+15
108792;1,954902E+15
108794;1,954902E+15
108796;1,957952E+15
108798;1,951853E+16
1088;1,948803E+16
108802;1,961002E+16
108804;1,967102E+16
108806;1,954902E+15
108808;1,954902E+15
10881;1,964052E+16
108812;1,948803E+16
108814;1,948803E+16
108816;1,957952E+15
108818;1,961002E+16
10882;1,951853E+16
108822;1,951853E+16
108824;1,954902E+15
108826;1,957952E+15
108828;1,951853E+16
10883;1,954902E+15
108832;1,961002E+16
108834;1,954902E+15
108836;1,948803E+16
108838;1,961002E+16
10884;1,961002E+16
108842;1,945753E+15
108844;1,939653E+16
108846;1,961002E+16
108848;1,964052E+16
10885;1,951853E+16
108852;1,954902E+15
108854;1,951853E+16
108856;1,954902E+15
108858;1,951853E+16
10886;1,951853E+16
108862;1,961002E+16
108864;1,936603E+16
108866;1,942703E+16
108868;1,964052E+16
10887;1,961002E+16
108872;1,945753E+15
108874;1,942703E+16
108876;1,957952E+15
108878;1,954902E+15
10888;1,948803E+16
108882;1,954902E+15
108884;1,951853E+16
108886;1,951853E+16
108888;1,948803E+16
10889;1,957952E+15
108892;1,961002E+16
108894;1,945753E+15
108896;1,954902E+15
108898;1,970152E+16
1089;1,951853E+16
108902;1,948803E+16
108904;1,957952E+15
108906;1,954902E+15
108908;1,954902E+15
10891;1,954902E+15
108912;1,954902E+15
108914;1,957952E+15
108916;1,948803E+16
108918;1,945753E+15
10892;1,967102E+16
108922;1,961002E+16
108924;1,959477E+16
108926;1,957952E+15
108928;1,957952E+15
10893;1,948803E+16
108932;1,951853E+16
108934;1,948803E+16
108936;1,964052E+16
108938;1,954902E+15
10894;1,951853E+16
108942;1,961002E+16
108944;1,954902E+15
108946;1,948803E+16
108948;1,954902E+15
10895;1,951853E+16
108952;1,957952E+15
108954;1,948803E+16
108956;1,957952E+15
108958;1,957952E+15
10896;1,951853E+16
108962;1,942703E+16
108964;1,967102E+16
108966;1,954902E+15
108968;1,951853E+16
10897;1,951853E+16
108972;1,954902E+15
108974;1,961002E+16
108976;1,945753E+15
108978;1,957952E+15
10898;1,964052E+16
108982;1,945753E+15
108984;1,951853E+16
108986;1,957952E+15
108988;1,951853E+16
10899;1,948803E+16
108992;1,957952E+15
108994;1,964052E+16
108996;1,957952E+15
108998;1,945753E+15
109;1,951853E+16
109002;1,957952E+15
109004;1,961002E+16
109006;1,948803E+16
109008;1,954902E+15
10901;1,954902E+15
109012;1,948803E+16
109014;1,954902E+15
109016;1,957952E+15
109018;1,954902E+15
10902;1,942703E+16
109022;1,948803E+16
109024;1,947278E+16
109026;1,945753E+15
109028;1,945753E+15
10903;1,957952E+15
109032;1,964052E+16
109034;1,954902E+15
109036;1,954902E+15
109038;1,964052E+16
10904;1,951853E+16
109042;1,948803E+16
109044;1,961002E+16
109046;1,957952E+15
109048;1,954902E+15
10905;1,948803E+16
109052;1,954902E+15
109054;1,970152E+16
109056;1,954902E+15
109058;1,948803E+16
10906;1,954902E+15
109062;1,964052E+16
109064;1,957952E+15
109066;1,942703E+16
109068;1,964052E+16
10907;1,954902E+15
109072;1,954902E+15
109074;1,967102E+16
109076;1,954902E+15
109078;1,954902E+15
10908;1,954902E+15
109082;1,954902E+15
109084;1,964052E+16
109086;1,948803E+16
109088;1,951853E+16
10909;1,961002E+16
109092;1,961002E+16
109094;1,954902E+15
109096;1,961002E+16
109098;1,964052E+16
1091;1,948803E+16
109102;1,954902E+15
109104;1,964052E+16
109106;1,961002E+16
109108;1,951853E+16
10911;1,948803E+16
109112;1,964052E+16
109114;1,970152E+16
109116;1,945753E+15
109118;1,954902E+15
10912;1,964052E+16
109122;1,948803E+16
109124;1,961002E+16
109126;1,957952E+15
109128;1,957952E+15
10913;1,954902E+15
109132;1,954902E+15
109134;1,964052E+16
109136;1,957952E+15
109138;1,954902E+15
10914;1,954902E+15
109142;1,964052E+16
109144;1,954902E+15
109146;1,948803E+16
109148;1,961002E+16
10915;1,961002E+16
109152;1,954902E+15
109154;1,957952E+15
109156;1,957952E+15
109158;1,957952E+15
10916;1,945753E+15
109162;1,951853E+16
109164;1,964052E+16
109166;1,957952E+15
109168;1,948803E+16
10917;1,961002E+16
109172;1,967102E+16
109174;1,945753E+15
109176;1,954902E+15
109178;1,964052E+16
10918;1,957952E+15
109182;1,948803E+16
109184;1,954902E+15
109186;1,957952E+15
109188;1,954902E+15
10919;1,957952E+15
109192;1,951853E+16
109194;1,957952E+15
109196;1,961002E+16
109198;1,951853E+16
1092;1,957952E+15
109202;1,970152E+16
109204;1,948803E+16
109206;1,951853E+16
109208;1,967102E+16
10921;1,951853E+16
109212;1,951853E+16
109214;1,951853E+16
109216;1,961002E+16
109218;1,954902E+15
10922;1,948803E+16
109222;1,957952E+15
109224;1,961002E+16
109226;1,951853E+16
109228;1,951853E+16
10923;1,967102E+16
109232;1,957952E+15
109234;1,951853E+16
109236;1,954902E+15
109238;1,961002E+16
10924;1,951853E+16
109242;1,954902E+15
109244;1,957952E+15
109246;1,967102E+16
109248;1,957952E+15
10925;1,954902E+15
109252;1,961002E+16
109254;1,951853E+16
109256;1,948803E+16
109258;1,961002E+16
10926;1,970152E+16
109262;1,954902E+15
109264;1,951853E+16
109266;1,957952E+15
109268;1,964052E+16
10927;1,951853E+16
109272;1,951853E+16
109274;1,954902E+15
109276;1,954902E+15
109278;1,954902E+15
10928;1,951853E+16
109282;1,964052E+16
109284;1,964052E+16
109286;1,951853E+16
109288;1,957952E+15
10929;1,961002E+16
109292;1,945753E+15
109294;1,945753E+15
109296;1,961002E+16
109298;1,951853E+16
1093;1,957952E+15
109302;1,951853E+16
109304;1,961002E+16
109306;1,961002E+16
109308;1,945753E+15
10931;1,957952E+15
109312;1,956427E+16
109314;1,954902E+15
109316;1,951853E+16
109318;1,964052E+16
10932;1,961002E+16
109322;1,957952E+15
109324;1,957952E+15
109326;1,954902E+15
109328;1,964052E+16
10933;1,954902E+15
109332;1,945753E+15
109334;1,951853E+15
109336;1,957952E+15
109338;1,945753E+15
10934;1,970152E+16
109342;1,964052E+16
109344;1,961002E+16
109346;1,954902E+15
109348;1,954902E+15
10935;1,957952E+15
109352;1,951853E+16
109354;1,964052E+16
109356;1,957952E+15
109358;1,957952E+15
10936;1,951853E+16
109362;1,967102E+16
109364;1,973202E+15
109366;1,951853E+16
109368;1,951853E+16
10937;1,964052E+16
109372;1,964052E+16
109374;1,961002E+16
109376;1,954902E+15
109378;1,961002E+16
10938;1,957952E+15
109382;1,951853E+16
109384;1,964052E+16
109386;1,967102E+16
109388;1,961002E+16
10939;1,948803E+16
109392;1,957952E+15
109394;1,954902E+15
109396;1,951853E+16
109398;1,961002E+16
1094;1,964052E+16
109402;1,957952E+15
109404;1,961002E+16
109406;1,967102E+16
109408;1,957952E+15
10941;1,954902E+15
109412;1,951853E+16
109414;1,973202E+15
109416;1,964052E+16
109418;1,954902E+15
10942;1,951853E+16
109422;1,967102E+16
109424;1,954902E+15
109426;1,951853E+16
109428;1,964052E+16
10943;1,964052E+16
109432;1,961002E+16
109434;1,951853E+16
109436;1,961002E+16
109438;1,973202E+15
10944;1,951853E+16
109442;1,954902E+15
109444;1,948803E+16
109446;1,967102E+16
109448;1,954902E+15
10945;1,961002E+16
109452;1,964052E+16
109454;1,948803E+16
109456;1,954902E+15
109458;1,964052E+16
10946;1,957952E+15
109462;1,954902E+15
109464;1,945753E+15
109466;1,961002E+16
109468;1,964052E+16
10947;1,951853E+16
109472;1,957952E+15
109474;1,957952E+15
109476;1,964052E+16
109478;1,951853E+16
10948;1,964052E+16
109482;1,967102E+16
109484;1,945753E+15
109486;1,951853E+16
109488;1,967102E+16
10949;1,964052E+16
109492;1,945753E+15
109494;1,951853E+16
109496;1,967102E+16
109498;1,967102E+16
1095;1,957952E+15
109502;1,961002E+16
109504;1,954902E+15
109506;1,957952E+15
109508;1,951853E+16
10951;1,964052E+16
109512;1,961002E+16
109514;1,954902E+15
109516;1,961002E+16
109518;1,970152E+16
10952;1,961002E+16
109522;1,961002E+16
109524;1,948803E+16
109526;1,964052E+16
109528;1,957952E+15
10953;1,948803E+16
109532;1,967102E+16
109534;1,967102E+16
109536;1,957952E+15
109538;1,957952E+15
10954;1,961002E+16
109542;1,961002E+16
109544;1,945753E+15
109546;1,954902E+15
109548;1,964052E+16
10955;1,961002E+16
109552;1,954902E+15
109554;1,970152E+16
109556;1,964052E+16
109558;1,954902E+15
10956;1,957952E+15
109562;1,967102E+16
109564;1,973202E+15
109566;1,964052E+16
109568;1,961002E+16
10957;1,967102E+16
109572;1,964052E+16
109574;1,967102E+16
109576;1,964052E+16
109578;1,973202E+15
10958;1,957952E+15
109582;1,954902E+15
109584;1,979302E+16
109586;1,970152E+16
109588;1,961002E+16
10959;1,957952E+15
109592;1,970152E+16
109594;1,976252E+15
109596;1,961002E+16
109598;1,961002E+16
1096;1,964052E+16
109602;1,961002E+16
109604;1,967102E+16
109606;1,967102E+16
109608;1,970152E+16
10961;1,961002E+16
109612;1,948803E+16
109614;1,970152E+16
109616;1,961002E+16
109618;1,957952E+15
10962;1,964052E+16
109622;1,973202E+15
109624;1,961002E+16
109626;1,961002E+16
109628;1,964052E+16
10963;1,970152E+16
109632;1,957952E+15
109634;1,961002E+16
109636;1,973202E+15
109638;1,973202E+15
10964;1,964052E+16
109642;1,961002E+16
109644;1,967102E+16
109646;1,964052E+16
109648;1,961002E+16
10965;1,967102E+16
109652;1,961002E+16
109654;1,957952E+15
109656;1,973202E+15
109658;1,964052E+16
10966;1,964052E+16
109662;1,961002E+16
109664;1,967102E+16
109666;1,973202E+15
109668;1,964052E+16
10967;1,967102E+16
109672;1,973202E+15
109674;1,970152E+16
109676;1,951853E+16
109678;1,957952E+15
10968;1,964052E+16
109682;1,976252E+15
109684;1,979302E+16
109686;1,964052E+16
109688;1,973202E+15
10969;1,957952E+15
109692;1,961002E+16
109694;1,976252E+15
109696;1,976252E+15
109698;1,964052E+16
1097;1,961002E+16
109702;1,970152E+16
109704;1,982352E+16
109706;1,961002E+16
109708;1,967102E+16
10971;1,970152E+16
109712;1,973202E+15
109714;1,973202E+15
109716;1,961002E+16
109718;1,967102E+16
10972;1,961002E+16
109722;1,957952E+15
109724;1,973202E+15
109726;1,967102E+16
109728;1,967102E+16
10973;1,970152E+16
109732;1,976252E+15
109734;1,979302E+16
109736;1,961002E+16
109738;1,970152E+16
10974;1,973202E+15
109742;1,967102E+16
109744;1,967102E+16
109746;1,967102E+16
109748;1,973202E+15
10975;1,964052E+16
109752;1,961002E+16
109754;1,964052E+16
109756;1,967102E+16
109758;1,961002E+16
10976;1,973202E+15
109762;1,973202E+15
109764;1,967102E+16
109766;1,961002E+16
109768;1,970152E+16
10977;1,976252E+15
109772;1,964052E+16
109774;1,948803E+16
109776;1,973202E+15
109778;1,976252E+15
10978;1,957952E+15
109782;1,964052E+16
109784;1,970152E+16
109786;1,967102E+16
109788;1,970152E+16
10979;1,970152E+16
109792;1,973202E+15
109794;1,967102E+16
109796;1,967102E+16
109798;1,973202E+15
1098;1,973202E+15
109802;1,964052E+16
109804;1,968627E+15
109806;1,973202E+15
109808;1,973202E+15
10981;1,964052E+16
109812;1,973202E+15
109814;1,951853E+16
109816;1,957952E+15
109818;1,964052E+16
10982;1,982352E+16
109822;1,979302E+16
109824;1,979302E+16
109826;1,970152E+16
109828;1,973202E+15
10983;1,973202E+15
109832;1,964052E+16
109834;1,973202E+15
109836;1,976252E+15
109838;1,964052E+16
10984;1,961002E+16
109842;1,976252E+15
109844;1,988452E+16
109846;1,973202E+15
109848;1,970152E+16
10985;1,970152E+16
109852;1,973202E+15
109854;1,968627E+15
109856;1,964052E+16
109858;1,976252E+15
10986;1,967102E+16
109862;1,961002E+16
109864;1,979302E+16
109866;1,976252E+15
109868;1,967102E+16
10987;1,964052E+16
109872;1,979302E+16
109874;1,985402E+15
109876;1,970152E+16
109878;1,964052E+16
10988;1,973202E+15
109882;1,976252E+15
109884;1,973202E+15
109886;1,973202E+15
109888;1,976252E+15
10989;1,967102E+16
109892;1,973202E+15
109894;1,970152E+16
109896;1,976252E+15
109898;1,967102E+16
1099;1,964052E+16
109902;1,964052E+16
109904;1,964052E+16
109906;1,964052E+16
109908;1,973202E+15
10991;1,979302E+16
109912;1,964052E+16
109914;1,970152E+16
109916;1,973202E+15
109918;1,976252E+15
10992;1,967102E+16
109922;1,967102E+16
109924;1,979302E+16
109926;1,970152E+16
109928;1,961002E+16
10993;1,967102E+16
109932;1,973202E+15
109934;1,979302E+16
109936;1,982352E+16
109938;1,982352E+16
10994;1,976252E+15
109942;1,967102E+16
109944;1,973202E+16
109946;1,979302E+16
109948;1,979302E+16
10995;1,964052E+16
109952;1,973202E+15
109954;1,971677E+16
109956;1,970152E+16
109958;1,970152E+16
10996;1,973202E+15
109962;1,979302E+16
109964;1,974727E+15
109966;1,970152E+16
109968;1,979302E+16
10997;1,991502E+16
109972;1,989977E+15
109974;1,988452E+16
109976;1,982352E+16
109978;1,970152E+16
10998;1,967102E+16
109982;1,979302E+16
109984;1,974727E+15
109986;1,970152E+16
109988;1,970152E+16
10999;1,970152E+16
109992;1,976252E+15
109994;1,976252E+15
109996;1,970152E+16
109998;1,979302E+16
110;1,970152E+16
110002;1,964052E+16
110004;1,976252E+15
110006;1,979302E+16
110008;1,970152E+16
11001;1,967102E+16
110012;1,976252E+15
110014;1,973202E+16
110016;1,970152E+16
110018;1,970152E+16
11002;1,985402E+15
110022;1,967102E+16
110024;1,957952E+15
110026;1,973202E+15
110028;1,988452E+16
11003;1,976252E+15
110032;1,970152E+16
110034;1,961002E+16
110036;1,982352E+16
110038;1,970152E+16
11004;1,973202E+15
110042;1,973202E+15
110044;1,973202E+15
110046;1,973202E+15
110048;1,970152E+16
11005;1,982352E+16
110052;1,976252E+15
110054;1,977777E+16
110056;1,979302E+16
110058;1,985402E+15
11006;1,973202E+15
110062;1,973202E+15
110064;1,973202E+15
110066;1,973202E+15
110068;1,970152E+16
11007;1,976252E+15
110072;1,979302E+16
110074;1,970152E+16
110076;1,970152E+16
110078;1,979302E+16
11008;1,988452E+16
110082;1,986418E+16
110084;1,984385E+16
110086;1,982352E+16
110088;1,979302E+16
11009;1,970152E+16
110092;1,976252E+15
110094;1,967102E+16
110096;1,982352E+16
110098;1,973202E+15
1101;1,976252E+15
110102;1,985402E+15
110104;1,977777E+16
110106;1,970152E+16
110108;1,982352E+16
11011;1,979302E+16
110112;1,970152E+16
110114;1,977777E+16
110116;1,985402E+15
110118;1,970152E+16
11012;1,973202E+15
110122;1,982352E+16
110124;1,961002E+16
110126;1,976252E+15
110128;1,973202E+15
11013;1,982352E+16
110132;1,985402E+15
110134;1,982352E+15
110136;1,979302E+16
110138;1,985402E+15
11014;1,979302E+16
110142;1,973202E+15
110144;1,982352E+16
110146;1,991502E+16
110148;1,976252E+15
11015;1,973202E+15
110152;1,979302E+16
110154;1,979302E+16
110156;1,979302E+16
110158;1,967102E+16
11016;1,979302E+16
110162;1,985402E+15
110164;1,997602E+16
110166;1,976252E+15
110168;1,991502E+16
11017;1,976252E+15
110172;1,976252E+15
110174;1,974727E+16
110176;1,973202E+15
110178;1,976252E+15
11018;1,979302E+16
110182;1,985402E+15
110184;1,988452E+16
110186;1,973202E+15
110188;1,976252E+15
11019;1,988452E+16
110192;1,985402E+15
110194;1,979302E+16
110196;1,985402E+15
110198;1,985402E+15
1102;1,970152E+16
110202;1,979302E+16
110204;1,979302E+16
110206;1,979302E+16
110208;1,979302E+16
11021;1,973202E+15
110212;1,979302E+16
110214;1,980827E+16
110216;1,982352E+16
110218;1,985402E+15
11022;1,988452E+16
110222;1,979302E+16
110224;1,980827E+16
110226;1,982352E+16
110228;1,982352E+16
11023;1,979302E+16
110232;1,982352E+16
110234;1,967102E+16
110236;1,985402E+15
110238;1,982352E+16
11024;1,982352E+16
110242;1,985402E+15
110244;1,973202E+15
110246;1,973202E+15
110248;1,985402E+15
11025;1,982352E+16
110252;1,973202E+15
110254;1,977777E+16
110256;1,982352E+16
110258;1,973202E+15
11026;1,973202E+15
110262;1,985402E+15
110264;1,982352E+15
110266;1,979302E+16
110268;1,979302E+16
11027;1,985402E+15
110272;1,985402E+15
110274;1,982352E+16
110276;1,967102E+16
110278;1,988452E+16
11028;1,979302E+16
110282;1,976252E+15
110284;1,980827E+16
110286;1,985402E+15
110288;1,979302E+16
11029;1,982352E+16
110292;1,982352E+16
110294;1,973202E+15
110296;1,979302E+16
110298;1,976252E+15
1103;1,985402E+15
110302;1,988452E+16
110304;1,979302E+16
110306;1,982352E+16
110308;1,988452E+16
11031;1,973202E+15
110312;1,979302E+16
110314;1,997602E+16
110316;1,985402E+15
110318;1,991502E+16
11032;1,979302E+16
110322;1,982352E+16
110324;1,980827E+16
110326;1,979302E+16
110328;1,979302E+16
11033;1,982352E+16
110332;1,985402E+15
110334;1,985402E+15
110336;1,985402E+15
110338;1,988452E+16
11034;1,982352E+16
110342;1,976252E+15
110344;1,983877E+16
110346;1,991502E+16
110348;1,979302E+16
11035;1,976252E+15
110352;1,988452E+16
110354;1,983877E+16
110356;1,979302E+16
110358;1,979302E+16
11036;1,988452E+16
110362;1,979302E+16
110364;1,982352E+15
110366;1,985402E+15
110368;1,988452E+16
11037;1,979302E+16
110372;1,982352E+16
110374;1,970152E+16
110376;1,988452E+16
110378;1,982352E+16
11038;1,979302E+16
110382;1,991502E+16
110384;1,982352E+16
110386;1,973202E+15
110388;1,988452E+16
11039;1,985402E+15
110392;1,973202E+15
110394;1,982352E+16
110396;1,991502E+16
110398;1,988452E+16
1104;1,985402E+15
110402;1,979302E+16
110404;1,983877E+16
110406;1,988452E+16
110408;1,976252E+15
11041;1,985402E+15
110412;1,994552E+15
110414;1,986927E+16
110416;1,979302E+16
110418;1,988452E+16
11042;1,991502E+16
110422;1,994552E+15
110424;1,991502E+16
110426;1,988452E+16
110428;1,991502E+16
11043;1,979302E+16
110432;1,979302E+16
110434;1,982352E+15
110436;1,985402E+15
110438;1,976252E+15
11044;1,997602E+16
110442;1,988452E+16
110444;1,985402E+16
110446;1,982352E+16
110448;1,991502E+16
11045;1,985402E+15
110452;1,979302E+16
110454;1,985402E+15
110456;1,991502E+16
110458;1,988452E+16
11046;1,982352E+16
110462;1,988452E+16
110464;1,982352E+16
110466;1,976252E+15
110468;1,982352E+16
11047;1,994552E+15
110472;1,997602E+16
110474;1,993027E+15
110476;1,988452E+16
110478;1,991502E+16
11048;1,982352E+16
110482;1,982352E+16
110484;1,989977E+15
110486;1,997602E+16
110488;1,988452E+16
11049;1,985402E+15
110492;1,994552E+15
110494;2,006751E+15
110496;1,982352E+16
110498;1,982352E+16
1105;1,988452E+16
110502;1,979302E+16
110504;1,967102E+16
110506;1,994552E+15
110508;1,988452E+16
11051;1,985402E+15
110512;1,988452E+16
110514;1,991502E+16
110516;1,997602E+16
110518;1,985402E+15
11052;1,985402E+15
110522;1,994552E+15
110524;1,988452E+16
110526;1,982352E+16
110528;1,994552E+15
11053;1,994552E+15
110532;1,985402E+15
110534;1,988452E+16
110536;1,991502E+16
110538;1,994552E+15
11054;1,988452E+16
110542;1,985402E+15
110544;1,988452E+16
110546;1,991502E+16
110548;1,985402E+15
11055;1,985402E+15
110552;1,994552E+15
110554;1,989977E+15
110556;1,985402E+15
110558;1,994552E+15
11056;2,000651E+16
110562;1,988452E+16
110564;1,991502E+16
110566;1,994552E+15
110568;1,991502E+16
11057;1,994552E+15
110572;1,988452E+16
110574;1,988452E+16
110576;1,988452E+16
110578;1,982352E+16
11058;2,000651E+16
110582;1,994552E+15
110584;1,996585E+16
110586;1,998618E+16
110588;2,000651E+16
11059;1,988452E+16
110592;1,985402E+15
110594;1,986927E+16
110596;1,988452E+16
110598;1,988452E+16
1106;1,985402E+15
110602;1,991502E+16
110604;1,988452E+16
110606;1,985402E+15
110608;1,982352E+16
11061;1,997602E+16
110612;1,994552E+15
110614;1,991502E+16
110616;1,985402E+15
110618;1,991502E+16
11062;1,988452E+16
110622;1,988452E+16
110624;1,991502E+16
110626;1,994552E+15
110628;1,994552E+15
11063;1,991502E+16
110632;2,000651E+16
110634;1,997602E+16
110636;1,988452E+16
110638;1,985402E+15
11064;2,000651E+16
110642;1,991502E+16
110644;1,985402E+15
110646;1,988452E+16
110648;1,991502E+16
11065;1,985402E+15
110652;1,985402E+15
110654;1,991502E+16
110656;1,997602E+16
110658;1,988452E+16
11066;1,982352E+16
110662;1,988452E+16
110664;1,988452E+16
110666;1,985402E+15
110668;1,991502E+16
11067;1,994552E+15
110672;1,982352E+16
110674;1,982352E+16
110676;1,988452E+16
110678;1,991502E+16
11068;1,988452E+16
110682;1,988452E+16
110684;1,988452E+16
110686;1,994552E+15
110688;1,985402E+15
11069;1,982352E+16
110692;1,997602E+16
110694;1,988452E+16
110696;1,988452E+16
110698;1,991502E+16
1107;1,988452E+16
110702;1,985402E+15
110704;1,985402E+15
110706;1,988452E+16
110708;1,991502E+16
11071;1,985402E+15
110712;1,982352E+16
110714;1,997602E+16
110716;1,988452E+16
110718;1,982352E+16
11072;1,988452E+16
110722;1,994552E+15
110724;1,982352E+16
110726;1,985402E+15
110728;1,991502E+16
11073;1,991502E+16
110732;1,985402E+15
110734;1,982352E+16
110736;1,994552E+15
110738;1,994552E+15
11074;1,988452E+16
110742;1,985402E+15
110744;1,983877E+16
110746;1,982352E+16
110748;1,982352E+16
11075;1,988452E+16
110752;1,991502E+16
110754;1,982352E+16
110756;1,982352E+16
110758;1,988452E+16
11076;1,988452E+16
110762;1,985402E+15
110764;1,985402E+15
110766;1,991502E+16
110768;1,988452E+16
11077;1,982352E+16
110772;1,985402E+15
110774;1,991502E+16
110776;1,979302E+16
110778;1,979302E+16
11078;1,991502E+16
110782;1,982352E+16
110784;1,979302E+16
110786;1,991502E+16
110788;1,991502E+16
11079;1,991502E+16
110792;1,985402E+15
110794;1,985402E+15
110796;1,988452E+16
110798;1,982352E+16
1108;1,985402E+16
110802;1,988452E+16
110804;2,000651E+16
110806;1,979302E+16
110808;1,988452E+16
11081;1,994552E+15
110812;1,985402E+15
110814;1,982352E+16
110816;1,985402E+15
110818;1,988452E+16
11082;1,985402E+15
110822;1,985402E+15
110824;1,994552E+15
110826;1,994552E+15
110828;1,979302E+16
11083;1,985402E+15
110832;1,997602E+16
110834;1,991502E+16
110836;1,991502E+16
110838;1,988452E+16
11084;1,991502E+16
110842;1,985402E+15
110844;1,982352E+16
110846;1,997602E+16
110848;1,997602E+16
11085;1,979302E+16
110852;1,979302E+16
110854;1,997602E+16
110856;1,991502E+16
110858;1,985402E+15
11086;1,988452E+16
110862;2,000651E+16
110864;1,988452E+16
110866;1,985402E+15
110868;1,991502E+16
11087;2,000651E+16
110872;1,976252E+15
110874;1,985402E+15
110876;1,991502E+16
110878;1,994552E+15
11088;1,988452E+16
110882;1,988452E+16
110884;1,988452E+16
110886;1,991502E+16
110888;1,985402E+15
11089;1,994552E+15
110892;1,982352E+16
110894;1,979302E+16
110896;1,991502E+16
110898;1,991502E+16
1109;1,994552E+15
110902;1,991502E+16
110904;1,988452E+16
110906;1,997602E+16
110908;1,997602E+16
11091;1,988452E+16
110912;1,994552E+15
110914;2,003701E+15
110916;1,979302E+16
110918;1,985402E+15
11092;2,000651E+16
110922;1,988452E+16
110924;1,991502E+16
110926;1,991502E+16
110928;1,988452E+16
11093;2,000651E+16
110932;1,988452E+16
110934;1,982352E+16
110936;2,003701E+15
110938;1,991502E+16
11094;1,988452E+16
110942;1,997602E+16
110944;2,000651E+16
110946;1,991502E+16
110948;1,991502E+16
11095;1,997602E+16
110952;1,997602E+16
110954;1,994552E+15
110956;1,997602E+16
110958;2,000651E+16
11096;1,997602E+16
110962;1,994552E+15
110964;2,000651E+16
110966;1,994552E+15
110968;1,991502E+16
11097;1,994552E+15
110972;2,000651E+16
110974;1,997602E+16
110976;1,988452E+16
110978;1,997602E+16
11098;2,003701E+15
110982;1,991502E+16
110984;1,994552E+15
110986;1,994552E+15
110988;2,003701E+15
11099;1,994552E+15
110992;1,988452E+16
110994;2,003701E+15
110996;2,006751E+15
110998;1,997602E+16
111;1,997602E+16
111002;2,006751E+15
111004;1,994552E+15
111006;1,994552E+15
111008;1,991502E+16
11101;2,000651E+16
111012;1,997602E+16
111014;1,997602E+16
111016;2,003701E+15
111018;2,003701E+15
11102;1,994552E+15
111022;1,994552E+15
111024;2,009801E+16
111026;2,000651E+16
111028;1,991502E+16
11103;2,003701E+15
111032;1,997602E+16
111034;2,000651E+16
111036;1,994552E+15
111038;2,000651E+16
11104;2,003701E+15
111042;1,994552E+15
111044;1,991502E+16
111046;2,009801E+16
111048;2,000651E+16
11105;1,991502E+16
111052;2,000651E+16
111054;2,003701E+15
111056;1,991502E+16
111058;2,000651E+16
11106;2,006751E+15
111062;2,006751E+15
111064;1,994552E+15
111066;1,994552E+15
111068;2,003701E+15
11107;2,009801E+16
111072;1,997602E+16
111074;1,997602E+16
111076;2,009801E+16
111078;1,997602E+16
11108;1,997602E+16
111082;2,000651E+16
111084;2,003701E+15
111086;2,000651E+16
111088;2,000651E+16
11109;2,000651E+16
111092;2,003701E+15
111094;1,997602E+16
111096;1,997602E+16
111098;2,003701E+15
1111;2,006751E+15
111102;1,997602E+16
111104;2,000651E+16
111106;2,009801E+16
111108;1,994552E+15
11111;1,991502E+16
111112;2,003701E+15
111114;2,003701E+15
111116;1,994552E+15
111118;2,000651E+16
11112;2,003701E+15
111122;2,006751E+15
111124;1,997602E+16
111126;1,994552E+15
111128;2,015901E+15
11113;2,000651E+16
111132;1,988452E+16
111134;2,006751E+15
111136;2,003701E+15
111138;1,988452E+16
11114;2,003701E+15
111142;2,000651E+16
111144;2,006751E+15
111146;1,997602E+16
111148;2,000651E+16
11115;2,006751E+15
111152;2,000651E+16
111154;1,997602E+16
111156;2,003701E+15
111158;2,000651E+16
11116;1,994552E+15
111162;2,003701E+15
111164;2,003701E+15
111166;1,997602E+16
111168;1,997602E+16
11117;2,000651E+16
111172;1,994552E+15
111174;2,000651E+16
111176;1,994552E+15
111178;1,997602E+16
11118;2,006751E+15
111182;1,994552E+15
111184;1,991502E+16
111186;2,003701E+15
111188;2,006751E+15
11119;1,991502E+16
111192;2,000651E+16
111194;2,003701E+15
111196;1,991502E+16
111198;1,994552E+15
1112;1,997602E+16
111202;2,000651E+16
111204;1,994552E+15
111206;1,991502E+16
111208;1,997602E+16
11121;1,997602E+16
111212;1,994552E+15
111214;1,994552E+15
111216;2,003701E+15
111218;1,994552E+15
11122;1,991502E+16
111222;2,000651E+16
111224;1,997602E+16
111226;1,991502E+16
111228;1,994552E+15
11123;1,997602E+16
111232;1,997602E+16
111234;1,994552E+15
111236;1,982352E+16
111238;2,006751E+15
11124;1,994552E+15
111242;1,991502E+16
111244;1,997602E+16
111246;2,003701E+15
111248;1,985402E+15
11125;1,991502E+16
111252;2,006751E+15
111254;1,994552E+15
111256;2,006751E+15
111258;1,991502E+16
11126;2,000651E+16
111262;2,000651E+16
111264;1,985402E+15
111266;1,985402E+15
111268;2,009801E+16
11127;1,994552E+15
111272;1,988452E+16
111274;1,997602E+16
111276;2,000651E+16
111278;1,991502E+16
11128;1,991502E+16
111282;1,997602E+16
111284;2,000651E+16
111286;1,988452E+16
111288;1,988452E+16
11129;1,997602E+16
111292;1,991502E+16
111294;1,988452E+16
111296;2,000651E+16
111298;2,003701E+15
1113;1,991502E+16
111302;1,988452E+16
111304;2,003701E+15
111306;1,997602E+16
111308;1,985402E+15
11131;1,991502E+16
111312;1,997602E+16
111314;1,988452E+16
111316;1,988452E+16
111318;1,988452E+16
11132;1,994552E+15
111322;1,994552E+15
111324;1,979302E+16
111326;1,997602E+16
111328;2,000651E+16
11133;1,988452E+16
111332;1,988452E+16
111334;2,000651E+16
111336;1,988452E+16
111338;1,988452E+16
11134;1,988452E+16
111342;1,991502E+16
111344;1,988452E+16
111346;1,993027E+15
111348;1,997602E+16
11135;2,000651E+16
111352;1,985402E+15
111354;1,988452E+16
111356;1,997602E+16
111358;1,988452E+16
11136;1,988452E+16
111362;1,994552E+15
111364;2,000651E+16
111366;1,988452E+16
111368;1,988452E+16
11137;1,997602E+16
111372;2,009801E+16
111374;1,988452E+16
111376;1,982352E+16
111378;1,997602E+16
11138;1,988452E+16
111382;1,982352E+16
111384;1,988452E+16
111386;2,000651E+16
111388;1,988452E+16
11139;1,988452E+16
111392;2,000651E+16
111394;2,000651E+16
111396;1,994552E+15
111398;1,988452E+16
1114;1,994552E+15
111402;1,988452E+16
111404;1,991502E+16
111406;1,988452E+16
111408;2,000651E+16
11141;1,991502E+16
111412;1,988452E+16
111414;1,994552E+15
111416;2,006751E+15
111418;1,985402E+15
11142;1,988452E+16
111422;1,997602E+16
111424;1,988452E+16
111426;1,988452E+16
111428;1,988452E+16
11143;1,997602E+16
111432;1,994552E+15
111434;1,985402E+15
111436;2,003701E+15
111438;2,006751E+15
11144;1,985402E+15
111442;1,988452E+16
111444;2,000651E+16
111446;1,997602E+16
111448;1,988452E+16
11145;1,994552E+15
111452;1,994552E+15
111454;1,991502E+16
111456;1,988452E+16
111458;1,994552E+15
11146;2,006751E+15
111462;1,997602E+16
111464;1,988452E+16
111466;2,003701E+15
111468;1,997602E+16
11147;1,985402E+15
111472;1,994552E+15
111474;1,991502E+16
111476;1,997602E+16
111478;1,997602E+16
11148;1,994552E+15
111482;2,000651E+16
111484;1,991502E+16
111486;1,994552E+15
111488;2,000651E+16
11149;2,003701E+15
111492;1,991502E+16
111494;1,994552E+15
111496;1,997602E+16
111498;1,997602E+16
1115;1,994552E+15
111502;1,997602E+16
111504;2,003701E+15
111506;2,003701E+15
111508;1,985402E+15
11151;2,000651E+16
111512;2,012851E+16
111514;1,994552E+15
111516;1,985402E+15
111518;2,003701E+15
11152;2,003701E+15
111522;1,988452E+16
111524;1,997602E+16
111526;2,003701E+15
111528;2,000651E+16
11153;1,997602E+16
111532;2,003701E+15
111534;2,000651E+16
111536;1,991502E+16
111538;2,000651E+16
11154;2,003701E+15
111542;2,003701E+15
111544;1,994552E+15
111546;1,988452E+16
111548;2,006751E+15
11155;1,994552E+15
111552;1,991502E+16
111554;2,006751E+15
111556;1,997602E+16
111558;1,994552E+15
11156;2,000651E+16
111562;2,003701E+15
111564;2,006751E+15
111566;1,994552E+15
111568;1,994552E+15
11157;2,003701E+15
111572;2,003701E+15
111574;1,994552E+15
111576;1,994552E+15
111578;2,006751E+15
11158;1,994552E+15
111582;1,997602E+16
111584;2,006751E+15
111586;2,000651E+16
111588;2,000651E+16
11159;1,997602E+16
111592;2,003701E+15
111594;2,003701E+15
111596;1,994552E+15
111598;2,000651E+16
1116;2,003701E+15
111602;2,003701E+15
111604;1,994552E+15
111606;2,003701E+15
111608;2,000651E+16
11161;2,000651E+16
111612;1,997602E+16
111614;2,006751E+15
111616;2,000651E+16
111618;1,994552E+15
11162;1,997602E+16
111622;2,003701E+15
111624;2,000651E+16
111626;1,997602E+16
111628;2,003701E+15
11163;2,009801E+16
111632;1,994552E+15
111634;2,000651E+16
111636;2,006751E+15
111638;2,006751E+15
11164;1,997602E+16
111642;2,000651E+16
111644;2,009801E+16
111646;2,000651E+16
111648;2,000651E+16
11165;2,000651E+16
111652;2,000651E+16
111654;2,000651E+16
111656;1,994552E+15
111658;2,009801E+16
11166;2,009801E+16
111662;2,003701E+15
111664;2,000651E+16
111666;2,006751E+15
111668;1,997602E+16
11167;2,009801E+16
111672;1,997602E+16
111674;2,006751E+15
111676;2,000651E+16
111678;2,003701E+15
11168;2,003701E+15
111682;2,009801E+16
111684;1,994552E+15
111686;2,000651E+16
111688;2,009801E+16
11169;2,000651E+16
111692;1,997602E+16
111694;1,997602E+16
111696;2,003701E+15
111698;2,003701E+15
1117;2,000651E+16
111702;2,009801E+16
111704;2,015901E+15
111706;1,997602E+16
111708;1,994552E+15
11171;2,003701E+15
111712;2,009801E+16
111714;1,994552E+15
111716;2,003701E+15
111718;2,006751E+15
11172;1,997602E+16
111722;1,997602E+16
111724;2,003701E+15
111726;2,003701E+15
111728;1,997602E+16
11173;1,994552E+15
111732;2,003701E+15
111734;2,003701E+15
111736;2,003701E+15
111738;1,997602E+16
11174;2,002176E+16
111742;2,006751E+15
111744;1,997602E+16
111746;2,003701E+15
111748;2,006751E+15
11175;1,994552E+15
111752;1,997602E+16
111754;2,009801E+16
111756;2,012851E+16
111758;2,000651E+16
11176;1,997602E+16
111762;2,012851E+16
111764;2,009801E+16
111766;1,994552E+15
111768;2,000651E+16
11177;2,009801E+16
111772;1,994552E+15
111774;1,997602E+16
111776;2,003701E+15
111778;2,006751E+15
11178;2,000651E+16
111782;2,000651E+16
111784;2,003701E+15
111786;2,012851E+16
111788;1,994552E+15
11179;2,000651E+16
111792;2,012851E+16
111794;1,997602E+16
111796;1,994552E+15
111798;2,006751E+15
1118;2,015901E+15
111802;1,997602E+16
111804;2,000651E+16
111806;2,006751E+15
111808;2,006751E+15
11181;1,997602E+16
111812;1,994552E+15
111814;2,009801E+16
111816;2,003701E+15
111818;2,000651E+16
11182;2,009801E+16
111822;2,000651E+16
111824;1,997602E+16
111826;1,994552E+15
111828;2,006751E+15
11183;2,012851E+16
111832;2,000651E+16
111834;1,997602E+16
111836;2,006751E+15
111838;2,006751E+15
11184;1,997602E+16
111842;2,000651E+16
111844;2,009801E+16
111846;1,997602E+16
111848;1,994552E+15
11185;2,000651E+16
111852;2,003701E+15
111854;2,000651E+16
111856;2,000651E+16
111858;2,003701E+15
11186;2,000651E+16
111862;1,997602E+16
111864;2,000651E+16
111866;2,003701E+15
111868;1,997602E+16
11187;2,003701E+15
111872;2,000651E+16
111874;2,003701E+15
111876;2,000651E+16
111878;1,991502E+16
11188;2,015901E+15
111882;2,006751E+15
111884;2,000651E+16
111886;1,997602E+16
111888;2,000651E+16
11189;1,994552E+15
111892;1,997602E+16
111894;2,003701E+15
111896;2,003701E+15
111898;2,000651E+16
1119;1,988452E+16
111902;2,012851E+16
111904;1,997602E+16
111906;1,994552E+15
111908;2,000651E+16
11191;2,003701E+15
111912;1,994552E+15
111914;1,994552E+15
111916;1,994552E+15
111918;2,000651E+16
11192;1,994552E+15
111922;1,994552E+15
111924;2,006751E+15
111926;2,003701E+15
111928;1,997602E+16
11193;1,991502E+16
111932;2,003701E+15
111934;2,000651E+16
111936;1,988452E+16
111938;1,997602E+16
11194;2,003701E+15
111942;1,988452E+16
111944;2,000651E+16
111946;2,003701E+15
111948;2,006751E+15
11195;1,994552E+15
111952;2,000651E+16
111954;2,003701E+15
111956;2,000651E+16
111958;2,000651E+16
11196;1,997602E+16
111962;2,006751E+15
111964;1,994552E+15
111966;1,982352E+16
111968;2,000651E+16
11197;2,006751E+15
111972;1,994552E+15
111974;1,994552E+15
111976;1,994552E+15
111978;2,003701E+15
11198;1,994552E+15
111982;1,988452E+16
111984;2,006751E+15
111986;1,994552E+15
111988;1,988452E+16
11199;2,003701E+15
111992;2,003701E+15
111994;2,003701E+15
111996;2,003701E+15
111998;2,003701E+15
112;1,997602E+16
112002;1,991502E+16
112004;1,991502E+16
112006;1,997602E+16
112008;1,991502E+16
11201;1,994552E+15
112012;1,997602E+16
112014;2,003701E+15
112016;1,991502E+16
112018;1,994552E+15
11202;2,006751E+15
112022;2,000651E+16
112024;1,988452E+16
112026;1,994552E+15
112028;1,997602E+16
11203;1,991502E+16
112032;1,991502E+16
112034;1,994552E+15
112036;2,000651E+16
112038;1,994552E+15
11204;1,994552E+15
112042;2,000651E+16
112044;2,000651E+16
112046;2,006751E+15
112048;1,994552E+15
11205;2,000651E+16
112052;1,994552E+15
112054;1,994552E+15
112056;2,000651E+16
112058;1,994552E+15
11206;1,994552E+15
112062;1,991502E+16
112064;2,000651E+16
112066;1,994552E+15
112068;1,988452E+16
11207;1,988452E+16
112072;2,015901E+15
112074;2,003701E+15
112076;1,985402E+15
112078;1,997602E+16
11208;2,009801E+16
112082;1,991502E+16
112084;1,994552E+15
112086;2,000651E+16
112088;2,006751E+15
11209;1,994552E+15
112092;1,988452E+16
112094;2,003701E+15
112096;2,003701E+15
112098;1,982352E+16
1121;1,997602E+16
112102;2,006751E+15
112104;1,994552E+15
112106;1,991502E+16
112108;1,997602E+16
11211;1,997602E+16
112112;1,994552E+15
112114;1,994552E+15
112116;1,994552E+15
112118;2,000651E+16
11212;1,985402E+15
112122;1,988452E+16
112124;2,003701E+15
112126;1,997602E+16
112128;1,985402E+15
11213;2,000651E+16
112132;2,000651E+16
112134;1,997602E+16
112136;1,994552E+15
112138;2,003701E+15
11214;1,997602E+16
112142;1,991502E+16
112144;1,991502E+16
112146;2,003701E+15
112148;1,997602E+16
11215;1,985402E+15
112152;2,000651E+16
112154;2,006751E+15
112156;1,991502E+16
112158;1,991502E+16
11216;2,003701E+15
112162;2,003701E+15
112164;1,991502E+16
112166;2,000651E+16
112168;2,003701E+15
11217;2,000651E+16
112172;1,991502E+16
112174;1,997602E+16
112176;2,009801E+16
112178;2,000651E+16
11218;1,991502E+16
112182;2,000651E+16
112184;2,006751E+15
112186;1,997602E+16
112188;1,997602E+16
11219;2,012851E+16
112192;1,994552E+15
112194;1,997602E+16
112196;2,006751E+15
112198;2,000651E+16
1122;2,003701E+15
112202;1,994552E+15
112204;1,994552E+15
112206;2,006751E+15
112208;1,997602E+16
11221;1,994552E+15
112212;2,006751E+15
112214;1,997602E+16
112216;1,991502E+16
112218;1,997602E+16
11222;2,003701E+15
112222;1,997602E+16
112224;2,003701E+15
112226;1,997602E+16
112228;2,006751E+15
11223;1,988452E+16
112232;1,991502E+16
112234;2,012851E+16
112236;2,000651E+16
112238;2,003701E+15
11224;2,000651E+16
112242;2,003701E+15
112244;1,991502E+16
112246;1,997602E+16
112248;2,000651E+16
11225;2,006751E+15
112252;1,997602E+16
112254;1,994552E+15
112256;2,000651E+16
112258;1,997602E+16
11226;1,994552E+15
112262;1,994552E+15
112264;1,997602E+16
112266;2,000651E+16
112268;1,991502E+16
11227;2,006751E+15
112272;2,012851E+16
112274;1,994552E+15
112276;1,991502E+16
112278;2,003701E+15
11228;2,000651E+16
112282;1,988452E+16
112284;1,994552E+15
112286;2,003701E+15
112288;2,006751E+15
11229;1,991502E+16
112292;2,000651E+16
112294;2,009801E+16
112296;2,000651E+16
112298;1,994552E+15
1123;2,006751E+15
112302;2,003701E+15
112304;2,000651E+16
112306;2,000651E+16
112308;1,994552E+15
11231;2,006751E+15
112312;2,000651E+16
112314;1,994552E+15
112316;2,003701E+15
112318;1,997602E+16
11232;1,994552E+15
112322;2,006751E+15
112324;2,000651E+16
112326;1,991502E+16
112328;2,003701E+15
11233;2,003701E+15
112332;1,997602E+16
112334;1,997602E+16
112336;2,000651E+16
112338;2,006751E+15
11234;1,997602E+16
112342;1,991502E+16
112344;2,000651E+16
112346;2,012851E+16
112348;1,997602E+16
11235;1,991502E+16
112352;2,003701E+15
112354;2,000651E+16
112356;2,003701E+15
112358;1,994552E+15
11236;2,003701E+15
112362;2,003701E+15
112364;1,997602E+16
112366;2,003701E+15
112368;2,003701E+15
11237;1,997602E+16
112372;1,988452E+16
112374;1,994552E+15
112376;2,000651E+16
112378;1,991502E+16
11238;1,994552E+15
112382;2,003701E+15
112384;1,997602E+16
112386;1,994552E+15
112388;1,994552E+15
11239;1,994552E+15
112392;1,988452E+16
112394;1,994552E+15
112396;2,003701E+15
112398;2,000651E+16
1124;1,994552E+15
112402;1,994552E+15
112404;2,009801E+16
112406;1,997602E+16
112408;1,988452E+16
11241;1,997602E+16
112412;2,000651E+16
112414;1,994552E+15
112416;1,997602E+16
112418;2,000651E+16
11242;2,003701E+15
112422;1,991502E+16
112424;1,985402E+15
112426;2,003701E+15
112428;2,009801E+16
11243;1,985402E+15
112432;2,000651E+16
112434;2,000651E+16
112436;1,991502E+16
112438;1,997602E+16
11244;2,003701E+15
112442;2,000651E+16
112444;1,991502E+16
112446;1,991502E+16
112448;1,994552E+15
11245;2,003701E+15
112452;1,988452E+16
112454;1,991502E+16
112456;1,991502E+16
112458;1,991502E+16
11246;1,991502E+16
112462;2,000651E+16
112464;2,006751E+15
112466;1,997602E+16
112468;1,991502E+16
11247;1,997602E+16
112472;2,000651E+16
112474;1,994552E+15
112476;1,991502E+16
112478;1,997602E+16
11248;2,000651E+16
112482;1,991502E+16
112484;1,997602E+16
112486;2,006751E+15
112488;1,985402E+15
11249;1,985402E+15
112492;2,006751E+15
112494;1,994552E+15
112496;1,994552E+15
112498;1,994552E+15
1125;1,991502E+16
112502;1,997602E+16
112504;1,994552E+15
112506;1,988452E+16
112508;2,000651E+16
11251;1,994552E+15
112512;1,985402E+15
112514;2,000651E+16
112516;1,994552E+15
112518;1,988452E+16
11252;1,988452E+16
112522;1,994552E+15
112524;1,994552E+15
112526;1,994552E+15
112528;1,991502E+16
11253;2,000651E+16
112532;1,994552E+15
112534;1,985402E+15
112536;2,000651E+16
112538;2,000651E+16
11254;1,985402E+15
112542;1,985402E+15
112544;1,989977E+15
112546;1,994552E+15
112548;1,991502E+16
11255;1,991502E+16
112552;1,997602E+16
112554;1,991502E+16
112556;1,988452E+16
112558;1,994552E+15
11256;2,006751E+15
112562;1,988452E+16
112564;1,988452E+16
112566;1,997602E+16
112568;2,000651E+16
11257;1,991502E+16
112572;2,000651E+16
112574;1,994552E+15
112576;1,988452E+16
112578;1,988452E+16
11258;1,994552E+15
112582;2,003701E+15
112584;1,988452E+16
112586;1,988452E+16
112588;1,997602E+16
11259;2,000651E+16
112592;1,982352E+16
112594;1,985402E+15
112596;1,991502E+16
112598;1,997602E+16
1126;1,985402E+15
112602;1,988452E+16
112604;1,997602E+16
112606;1,985402E+15
112608;1,991502E+16
11261;1,991502E+16
112612;1,997602E+16
112614;1,991502E+16
112616;1,985402E+15
112618;1,997602E+16
11262;2,003701E+15
112622;1,982352E+16
112624;1,985402E+15
112626;1,994552E+15
112628;1,979302E+16
11263;1,994552E+15
112632;2,003701E+15
112634;1,988452E+16
112636;1,988452E+16
112638;1,985402E+15
11264;1,991502E+16
112642;2,000651E+16
112644;1,985402E+15
112646;1,982352E+16
112648;2,003701E+15
11265;1,988452E+16
112652;1,988452E+16
112654;1,994552E+15
112656;1,988452E+16
112658;1,991502E+16
11266;1,988452E+16
112662;1,994552E+15
112664;1,991502E+16
112666;1,985402E+15
112668;1,985402E+15
11267;2,003701E+15
112672;1,997602E+16
112674;1,988452E+16
112676;1,994552E+15
112678;1,997602E+16
11268;1,985402E+15
112682;1,982352E+16
112684;2,003701E+15
112686;1,994552E+15
112688;1,988452E+16
11269;1,988452E+16
112692;1,997602E+16
112694;1,991502E+16
112696;1,988452E+16
112698;1,988452E+16
1127;1,994552E+15
112702;1,994552E+15
112704;1,979302E+16
112706;1,991502E+16
112708;2,000651E+16
11271;1,991502E+16
112712;1,988452E+16
112714;1,997602E+16
112716;1,991502E+16
112718;1,985402E+15
11272;1,988452E+16
112722;1,994552E+15
112724;1,988452E+16
112726;1,985402E+15
112728;1,991502E+16
11273;1,997602E+16
112732;1,985402E+15
112734;1,982352E+16
112736;1,988452E+16
112738;1,994552E+15
11274;1,985402E+15
112742;1,988452E+16
112744;1,991502E+16
112746;2,000651E+16
112748;1,985402E+15
11275;1,988452E+16
112752;1,991502E+16
112754;1,988452E+16
112756;1,979302E+16
112758;2,000651E+16
11276;1,994552E+15
112762;1,982352E+16
112764;1,991502E+16
112766;1,994552E+15
112768;1,982352E+16
11277;1,988452E+16
112772;1,994552E+15
112774;1,988452E+16
112776;1,982352E+16
112778;1,985402E+15
11278;1,997602E+16
112782;1,994552E+15
112784;1,985402E+15
112786;1,985402E+15
112788;1,994552E+15
11279;1,991502E+16
112792;1,979302E+16
112794;1,988452E+16
112796;1,991502E+16
112798;1,991502E+16
1128;1,982352E+16
112802;2,000651E+16
112804;1,997602E+16
112806;1,985402E+15
112808;1,979302E+16
11281;1,988452E+16
112812;1,991502E+16
112814;1,982352E+16
112816;1,982352E+16
112818;1,994552E+15
11282;1,985402E+15
112822;1,982352E+16
112824;1,997602E+16
112826;1,988452E+16
112828;1,988452E+16
11283;1,988452E+16
112832;1,991502E+16
112834;1,988452E+16
112836;1,985402E+15
112838;1,982352E+16
11284;1,997602E+16
112842;1,988452E+16
112844;1,979302E+16
112846;1,991502E+16
112848;1,991502E+16
11285;1,994552E+15
112852;1,991502E+16
112854;1,997602E+16
112856;1,988452E+16
112858;1,982352E+16
11286;1,982352E+16
112862;1,994552E+15
112864;1,988452E+16
112866;1,985402E+15
112868;1,988452E+16
11287;1,997602E+16
112872;1,982352E+16
112874;1,988452E+16
112876;1,997602E+16
112878;1,994552E+15
11288;1,988452E+16
112882;1,979302E+16
112884;1,988452E+16
112886;1,997602E+16
112888;1,985402E+15
11289;1,985402E+15
112892;1,991502E+16
112894;1,982352E+16
112896;1,985402E+15
112898;1,994552E+15
1129;1,991502E+16
112902;1,979302E+16
112904;1,982352E+16
112906;1,997602E+16
112908;1,985402E+15
11291;1,982352E+16
112912;1,985402E+15
112914;1,991502E+16
112916;1,988452E+16
112918;1,988452E+16
11292;1,997602E+16
112922;1,988452E+16
112924;1,985402E+15
112926;1,979302E+16
112928;1,997602E+16
11293;1,988452E+16
112932;1,979302E+16
112934;1,988452E+16
112936;1,997602E+16
112938;1,988452E+16
11294;1,982352E+16
112942;1,988452E+16
112944;1,988452E+16
112946;1,991502E+16
112948;1,982352E+16
11295;1,988452E+16
112952;1,994552E+15
112954;1,976252E+15
112956;1,988452E+16
112958;1,988452E+16
11296;1,982352E+16
112962;1,979302E+16
112964;1,985402E+15
112966;1,988452E+16
112968;1,988452E+16
11297;1,976252E+15
112972;1,982352E+16
112974;1,985402E+15
112976;1,982352E+16
112978;1,979302E+16
11298;1,985402E+15
112982;1,988452E+16
112984;1,979302E+16
112986;1,985402E+15
112988;1,994552E+15
11299;1,979302E+16
112992;1,973202E+15
112994;1,988452E+16
112996;1,985402E+15
112998;1,976252E+15
113;1,982352E+16
113002;1,988452E+16
113004;1,988452E+16
113006;1,979302E+16
113008;1,979302E+16
11301;1,985402E+15
113012;1,982352E+16
113014;1,982352E+16
113016;1,988452E+16
113018;1,985402E+15
11302;1,979302E+16
113022;1,979302E+16
113024;1,985402E+15
113026;1,985402E+15
113028;1,973202E+15
11303;1,979302E+16
113032;1,988452E+16
113034;1,985402E+15
113036;1,973202E+15
113038;1,985402E+15
11304;1,985402E+15
113042;1,994552E+15
113044;1,979302E+16
113046;1,994552E+15
113048;1,979302E+16
11305;1,979302E+16
113052;1,979302E+16
113054;1,985402E+15
113056;1,979302E+16
113058;1,976252E+15
11306;1,982352E+16
113062;1,979302E+16
113064;1,973202E+15
113066;1,970152E+16
113068;1,988452E+16
11307;1,982352E+16
113072;1,973202E+15
113074;1,976252E+15
113076;1,982352E+16
113078;1,979302E+16
11308;1,979302E+16
113082;1,982352E+16
113084;1,988452E+16
113086;1,979302E+16
113088;1,970152E+16
11309;1,985402E+15
113092;1,979302E+16
113094;1,973202E+15
113096;1,979302E+16
113098;1,985402E+15
1131;1,976252E+15
113102;1,976252E+15
113104;1,979302E+16
113106;1,985402E+15
113108;1,976252E+15
11311;1,976252E+15
113112;1,982352E+16
113114;1,979302E+16
113116;1,976252E+15
113118;1,970152E+16
11312;1,991502E+16
113122;1,982352E+16
113124;1,976252E+15
113126;1,979302E+16
113128;1,994552E+15
11313;1,979302E+16
113132;1,976252E+15
113134;1,982352E+16
113136;1,985402E+15
113138;1,982352E+16
11314;1,976252E+15
113142;1,982352E+16
113144;1,985402E+15
113146;1,997602E+16
113148;1,976252E+15
11315;1,991502E+16
113152;1,979302E+16
113154;1,973202E+15
113156;1,979302E+16
113158;1,979302E+16
11316;1,979302E+16
113162;1,982352E+16
113164;1,979302E+16
113166;1,970152E+16
113168;1,973202E+15
11317;1,976252E+15
113172;1,988452E+16
113174;1,982352E+16
113176;1,976252E+15
113178;1,985402E+15
11318;1,988452E+16
113182;1,973202E+15
113184;1,976252E+15
113186;1,982352E+16
113188;1,979302E+16
11319;1,979302E+16
113192;1,979302E+16
113194;1,982352E+16
113196;1,982352E+16
113198;1,973202E+15
1132;1,991502E+16
113202;1,985402E+15
113204;1,976252E+15
113206;1,976252E+15
113208;1,979302E+16
11321;1,979302E+16
113212;1,979302E+16
113214;1,976252E+15
113216;1,985402E+15
113218;1,979302E+16
11322;1,976252E+15
113222;1,979302E+16
113224;1,979302E+16
113226;1,979302E+16
113228;1,970152E+16
11323;1,982352E+16
113232;1,985402E+15
113234;1,973202E+15
113236;1,982352E+16
113238;1,985402E+15
11324;1,982352E+16
113242;1,976252E+15
113244;1,979302E+16
113246;1,985402E+15
113248;1,976252E+15
11325;1,973202E+15
113252;1,979302E+16
113254;1,985402E+15
113256;1,973202E+15
113258;1,967102E+16
11326;1,985402E+15
113262;1,985402E+15
113264;1,982352E+16
113266;1,979302E+16
113268;1,982352E+16
11327;1,976252E+15
113272;1,976252E+15
113274;1,973202E+15
113276;1,988452E+16
113278;1,979302E+16
11328;1,970152E+16
113282;1,979302E+16
113284;1,985402E+15
113286;1,976252E+15
113288;1,976252E+15
11329;1,991502E+16
113292;1,973202E+15
113294;1,979302E+16
113296;1,982352E+16
113298;1,976252E+15
1133;1,976252E+15
113302;1,976252E+15
113304;1,985402E+15
113306;1,982352E+16
113308;1,976252E+15
11331;1,970152E+16
113312;1,988452E+16
113314;1,982352E+16
113316;1,973202E+15
113318;1,979302E+16
11332;1,979302E+16
113322;1,976252E+15
113324;1,970152E+16
113326;1,985402E+15
113328;1,982352E+16
11333;1,973202E+15
113332;1,970152E+16
113334;1,982352E+16
113336;1,988452E+16
113338;1,976252E+15
11334;1,976252E+15
113342;1,982352E+16
113344;1,973202E+15
113346;1,967102E+16
113348;1,985402E+15
11335;1,979302E+16
113352;1,973202E+15
113354;1,973202E+15
113356;1,979302E+16
113358;1,976252E+15
11336;1,979302E+16
113362;1,973202E+15
113364;1,985402E+15
113366;1,979302E+16
113368;1,964052E+16
11337;1,988452E+16
113372;1,985402E+15
113374;1,964052E+16
113376;1,973202E+15
113378;1,982352E+16
11338;1,979302E+16
113382;1,976252E+15
113384;1,976252E+15
113386;1,982352E+16
113388;1,982352E+16
11339;1,973202E+15
113392;1,976252E+15
113394;1,982352E+16
113396;1,970152E+16
113398;1,970152E+16
1134;1,979302E+16
113402;1,982352E+16
113404;1,973202E+15
113406;1,976252E+15
113408;1,970152E+16
11341;1,976252E+15
113412;1,973202E+15
113414;1,973202E+15
113416;1,979302E+16
113418;1,970152E+16
11342;1,970152E+16
113422;1,976252E+15
113424;1,979302E+16
113426;1,970152E+16
113428;1,973202E+15
11343;1,985402E+15
113432;1,976252E+15
113434;1,970152E+16
113436;1,973202E+15
113438;1,976252E+15
11344;1,970152E+16
113442;1,970152E+16
113444;1,976252E+15
113446;1,985402E+15
113448;1,973202E+15
11345;1,970152E+16
113452;1,976252E+15
113454;1,979302E+16
113456;1,970152E+16
113458;1,970152E+16
11346;1,973202E+15
113462;1,970152E+16
113464;1,970152E+16
113466;1,976252E+15
113468;1,979302E+16
11347;1,973202E+15
113472;1,964052E+16
113474;1,979302E+16
113476;1,988452E+16
113478;1,967102E+16
11348;1,967102E+16
113482;1,979302E+16
113484;1,970152E+16
113486;1,961002E+16
113488;1,973202E+15
11349;1,973202E+15
113492;1,967102E+16
113494;1,964052E+16
113496;1,967102E+16
113498;1,979302E+16
1135;1,970152E+16
113502;1,967102E+16
113504;1,979302E+16
113506;1,973202E+15
113508;1,964052E+16
11351;1,967102E+16
113512;1,979302E+16
113514;1,967102E+16
113516;1,973202E+15
113518;1,976252E+15
11352;1,976252E+15
113522;1,967102E+16
113524;1,964052E+16
113526;1,985402E+15
113528;1,973202E+15
11353;1,964052E+16
113532;1,970152E+16
113534;1,985402E+15
113536;1,982352E+16
113538;1,967102E+16
11354;1,979302E+16
113542;1,976252E+15
113544;1,973202E+15
113546;1,979302E+16
113548;1,973202E+15
11355;1,976252E+15
113552;1,970152E+16
113554;1,970152E+16
113556;1,979302E+16
113558;1,967102E+16
11356;1,967102E+16
113562;1,976252E+15
113564;1,973202E+15
113566;1,979302E+16
113568;1,970152E+16
11357;1,982352E+16
113572;1,967102E+16
113574;1,967102E+16
113576;1,982352E+16
113578;1,973202E+15
11358;1,976252E+15
113582;1,967102E+16
113584;1,973202E+15
113586;1,982352E+16
113588;1,973202E+15
11359;1,967102E+16
113592;1,979302E+16
113594;1,973202E+15
113596;1,970152E+16
113598;1,961002E+16
1136;1,967102E+16
113602;1,973202E+15
113604;1,967102E+16
113606;1,970152E+16
113608;1,976252E+15
11361;1,970152E+16
113612;1,967102E+16
113614;1,982352E+16
113616;1,979302E+16
113618;1,961002E+16
11362;1,973202E+15
113622;1,979302E+16
113624;1,967102E+16
113626;1,979302E+16
113628;1,970152E+16
11363;1,973202E+15
113632;1,970152E+16
113634;1,970152E+16
113636;1,982352E+16
113638;1,982352E+16
11364;1,970152E+16
113642;1,970152E+16
113644;1,973202E+15
113646;1,973202E+15
113648;1,970152E+16
11365;1,967102E+16
113652;1,979302E+16
113654;1,967102E+16
113656;1,967102E+16
113658;1,970152E+16
11366;1,976252E+15
113662;1,970152E+16
113664;1,967102E+16
113666;1,976252E+15
113668;1,979302E+16
11367;1,967102E+16
113672;1,970152E+16
113674;1,979302E+16
113676;1,967102E+16
113678;1,970152E+16
11368;1,973202E+15
113682;1,970152E+16
113684;1,967102E+16
113686;1,970152E+16
113688;1,976252E+15
11369;1,973202E+15
113692;1,970152E+16
113694;1,961002E+16
113696;1,970152E+16
113698;1,973202E+15
1137;1,964052E+16
113702;1,973202E+15
113704;1,979302E+16
113706;1,961002E+16
113708;1,970152E+16
11371;1,979302E+16
113712;1,976252E+15
113714;1,973202E+15
113716;1,974727E+16
113718;1,976252E+15
11372;1,973202E+15
113722;1,964052E+16
113724;1,967102E+16
113726;1,970152E+16
113728;1,973202E+15
11373;1,970152E+16
113732;1,976252E+15
113734;1,970152E+16
113736;1,957952E+15
113738;1,970152E+16
11374;1,967102E+16
113742;1,967102E+16
113744;1,964052E+16
113746;1,967102E+16
113748;1,979302E+16
11375;1,973202E+15
113752;1,970152E+16
113754;1,973202E+15
113756;1,970152E+16
113758;1,964052E+16
11376;1,964052E+16
113762;1,973202E+15
113764;1,976252E+15
113766;1,957952E+15
113768;1,964052E+16
11377;1,979302E+16
113772;1,973202E+15
113774;1,973202E+15
113776;1,961002E+16
113778;1,973202E+15
11378;1,970152E+16
113782;1,961002E+16
113784;1,976252E+15
113786;1,973202E+15
113788;1,964052E+16
11379;1,973202E+15
113792;1,973202E+15
113794;1,967102E+16
113796;1,964052E+16
113798;1,976252E+15
1138;1,976252E+15
113802;1,967102E+16
113804;1,964052E+16
113806;1,973202E+15
113808;1,976252E+15
11381;1,957952E+15
113812;1,964052E+16
113814;1,976252E+15
113816;1,964052E+16
113818;1,967102E+16
11382;1,967102E+16
113822;1,970152E+16
113824;1,964052E+16
113826;1,957952E+15
113828;1,970152E+16
11383;1,976252E+15
113832;1,961002E+16
113834;1,961002E+16
113836;1,976252E+15
113838;1,970152E+16
11384;1,964052E+16
113842;1,964052E+16
113844;1,973202E+15
113846;1,964052E+16
113848;1,957952E+15
11385;1,970152E+16
113852;1,967102E+16
113854;1,967102E+16
113856;1,957952E+15
113858;1,973202E+15
11386;1,967102E+16
113862;1,964052E+16
113864;1,967102E+16
113866;1,973202E+15
113868;1,961002E+16
11387;1,961002E+16
113872;1,979302E+16
113874;1,970152E+16
113876;1,957952E+15
113878;1,961002E+16
11388;1,970152E+16
113882;1,967102E+16
113884;1,964052E+16
113886;1,954902E+15
113888;1,970152E+16
11389;1,973202E+15
113892;1,954902E+15
113894;1,964052E+16
113896;1,957952E+16
113898;1,951853E+16
1139;1,957952E+15
113902;1,973202E+15
113904;1,970152E+16
113906;1,967102E+16
113908;1,961002E+16
11391;1,964052E+16
113912;1,976252E+15
113914;1,961002E+16
113916;1,964052E+16
113918;1,976252E+15
11392;1,954902E+15
113922;1,967102E+16
113924;1,964052E+16
113926;1,970152E+16
113928;1,961002E+16
11393;1,964052E+16
113932;1,967102E+16
113934;1,967102E+16
113936;1,967102E+16
113938;1,961002E+16
11394;1,970152E+16
113942;1,964052E+16
113944;1,954902E+15
113946;1,961002E+16
113948;1,967102E+16
11395;1,957952E+15
113952;1,964052E+16
113954;1,976252E+15
113956;1,948803E+16
113958;1,964052E+16
11396;1,961002E+16
113962;1,973202E+15
113964;1,967102E+16
113966;1,957952E+15
113968;1,964052E+16
11397;1,964052E+16
113972;1,957952E+15
113974;1,954902E+15
113976;1,973202E+15
113978;1,967102E+16
11398;1,961002E+16
113982;1,967102E+16
113984;1,973202E+15
113986;1,964052E+16
113988;1,961002E+16
11399;1,973202E+15
113992;1,964052E+16
113994;1,964052E+16
113996;1,967102E+16
113998;1,970152E+16
114;1,967102E+16
114002;1,961002E+16
114004;1,964052E+16
114006;1,962527E+16
114008;1,961002E+16
11401;1,961002E+16
114012;1,973202E+15
114014;1,964052E+16
114016;1,967102E+16
114018;1,964052E+16
11402;1,961002E+16
114022;1,973202E+15
114024;1,961002E+16
114026;1,967102E+16
114028;1,979302E+16
11403;1,973202E+15
114032;1,957952E+15
114034;1,976252E+15
114036;1,988452E+16
114038;1,954902E+15
11404;1,961002E+16
114042;1,964052E+16
114044;1,967102E+16
114046;1,973202E+15
114048;1,964052E+16
11405;1,973202E+15
114052;1,979302E+16
114054;1,961002E+16
114056;1,973202E+15
114058;1,973202E+15
11406;1,970152E+16
114062;1,957952E+15
114064;1,970152E+16
114066;1,973202E+15
114068;1,957952E+15
11407;1,967102E+16
114072;1,967102E+16
114074;1,976252E+15
114076;1,961002E+16
114078;1,964052E+16
11408;1,973202E+15
114082;1,967102E+16
114084;1,957952E+15
114086;1,973202E+15
114088;1,973202E+15
11409;1,961002E+16
114092;1,957952E+15
114094;1,973202E+15
114096;1,967102E+16
114098;1,964052E+16
1141;1,970152E+16
114102;1,967102E+16
114104;1,970152E+16
114106;1,967102E+16
114108;1,961002E+16
11411;1,973202E+15
114112;1,964052E+16
114114;1,964052E+16
114116;1,970152E+16
114118;1,970152E+16
11412;1,961002E+16
114122;1,970152E+16
114124;1,970152E+16
114126;1,967102E+16
114128;1,964052E+16
11413;1,957952E+15
114132;1,970152E+16
114134;1,964052E+16
114136;1,954902E+15
114138;1,973202E+15
11414;1,976252E+15
114142;1,954902E+15
114144;1,970152E+16
114146;1,979302E+16
114148;1,964052E+16
11415;1,970152E+16
114152;1,961002E+16
114154;1,970152E+16
114156;1,979302E+16
114158;1,961002E+16
11416;1,970152E+16
114162;1,979302E+16
114164;1,979302E+16
114166;1,961002E+16
114168;1,973202E+15
11417;1,973202E+15
114172;1,964052E+16
114174;1,967102E+16
114176;1,970152E+16
114178;1,967102E+16
11418;1,964052E+16
114182;1,973202E+15
114184;1,970152E+16
114186;1,964052E+16
114188;1,967102E+16
11419;1,979302E+16
114192;1,973202E+15
114194;1,964052E+16
114196;1,961002E+16
114198;1,973202E+15
1142;1,964052E+16
114202;1,961002E+16
114204;1,970152E+16
114206;1,970152E+16
114208;1,970152E+16
11421;1,961002E+16
114212;1,967102E+16
114214;1,976252E+15
114216;1,961002E+16
114218;1,961002E+16
11422;1,976252E+15
114222;1,973202E+15
114224;1,977777E+16
114226;1,982352E+16
114228;1,976252E+15
11423;1,964052E+16
114232;1,967102E+16
114234;1,976252E+15
114236;1,964052E+16
114238;1,967102E+16
11424;1,967102E+16
114242;1,967102E+16
114244;1,973202E+15
114246;1,964052E+16
114248;1,964052E+16
11425;1,976252E+15
114252;1,964052E+16
114254;1,967102E+16
114256;1,964052E+16
114258;1,970152E+16
11426;1,970152E+16
114262;1,961002E+16
114264;1,973202E+15
114266;1,970152E+16
114268;1,961002E+16
11427;1,967102E+16
114272;1,970152E+16
114274;1,964052E+16
114276;1,961002E+16
114278;1,970152E+16
11428;1,976252E+15
114282;1,964052E+16
114284;1,964052E+16
114286;1,973202E+15
114288;1,976252E+15
11429;1,964052E+16
114292;1,964052E+16
114294;1,970152E+16
114296;1,970152E+16
114298;1,961002E+16
1143;1,964052E+16
114302;1,979302E+16
114304;1,976252E+15
114306;1,964052E+16
114308;1,976252E+15
11431;1,976252E+15
114312;1,967102E+16
114314;1,970152E+16
114316;1,973202E+15
114318;1,967102E+16
11432;1,957952E+15
114322;1,973202E+15
114324;1,976252E+15
114326;1,967102E+16
114328;1,957952E+15
11433;1,970152E+16
114332;1,985402E+15
114334;1,967102E+16
114336;1,967102E+16
114338;1,976252E+15
11434;1,967102E+16
114342;1,964052E+16
114344;1,967102E+16
114346;1,951853E+16
114348;1,967102E+16
11435;1,964052E+16
114352;1,970152E+16
114354;1,985402E+15
114356;1,964052E+16
114358;1,961002E+16
11436;1,976252E+15
114362;1,976252E+15
114364;1,964052E+16
114366;1,961002E+16
114368;1,973202E+15
11437;1,967102E+16
114372;1,970152E+16
114374;1,967102E+16
114376;1,979302E+16
114378;1,967102E+16
11438;1,970152E+16
114382;1,967102E+16
114384;1,976252E+15
114386;1,964052E+16
114388;1,964052E+16
11439;1,973202E+15
114392;1,970152E+16
114394;1,967102E+16
114396;1,964052E+16
114398;1,979302E+16
1144;1,970152E+16
114402;1,967102E+16
114404;1,973202E+15
114406;1,973202E+15
114408;1,970152E+16
11441;1,964052E+16
114412;1,976252E+15
114414;1,979302E+16
114416;1,957952E+15
114418;1,970152E+16
11442;1,982352E+16
114422;1,967102E+16
114424;1,964052E+16
114426;1,973202E+15
114428;1,973202E+15
11443;1,970152E+16
114432;1,967102E+16
114434;1,967102E+16
114436;1,973202E+15
114438;1,967102E+16
11444;1,970152E+16
114442;1,976252E+15
114444;1,970152E+16
114446;1,954902E+15
114448;1,982352E+16
11445;1,973202E+15
114452;1,964052E+16
114454;1,970152E+16
114456;1,957952E+15
114458;1,976252E+15
11446;1,973202E+15
114462;1,967102E+16
114464;1,976252E+15
114466;1,961002E+16
114468;1,964052E+16
11447;1,985402E+15
114472;1,976252E+15
114474;1,967102E+16
114476;1,964052E+16
114478;1,973202E+15
11448;1,970152E+16
114482;1,964052E+16
114484;1,970152E+16
114486;1,979302E+16
114488;1,973202E+15
11449;1,967102E+16
114492;1,979302E+16
114494;1,982352E+16
114496;1,973202E+15
114498;1,967102E+16
1145;1,973202E+15
114502;1,976252E+15
114504;1,970152E+16
114506;1,961002E+16
114508;1,973202E+15
11451;1,973202E+15
114512;1,964052E+16
114514;1,970152E+16
114516;1,954902E+15
114518;1,964052E+16
11452;1,967102E+16
114522;1,979302E+16
114524;1,976252E+15
114526;1,978285E+15
114528;1,980319E+16
11453;1,982352E+16
114532;1,973202E+15
114534;1,967102E+16
114536;1,967102E+16
114538;1,976252E+15
11454;1,970152E+16
114542;1,973202E+15
114544;1,976252E+15
114546;1,970152E+16
114548;1,979302E+16
11455;1,964052E+16
114552;1,982352E+16
114554;1,976252E+15
114556;1,970152E+16
114558;1,976252E+15
11456;1,982352E+16
114562;1,970152E+16
114564;1,979302E+16
114566;1,977777E+16
114568;1,976252E+15
11457;1,976252E+15
114572;1,970152E+16
114574;1,976252E+15
114576;1,973202E+16
114578;1,970152E+16
11458;1,979302E+16
114582;1,979302E+16
114584;1,970152E+16
114586;1,957952E+15
114588;1,976252E+15
11459;1,982352E+16
114592;1,976252E+15
114594;1,964052E+16
114596;1,988452E+16
114598;1,982352E+16
1146;1,970152E+16
114602;1,973202E+15
114604;1,982352E+16
114606;1,979302E+16
114608;1,973202E+15
11461;1,973202E+15
114612;1,982352E+16
114614;1,970152E+16
114616;1,970152E+16
114618;1,982352E+16
11462;1,979302E+16
114622;1,973202E+15
114624;1,976252E+15
114626;1,980827E+16
114628;1,985402E+15
11463;1,982352E+16
114632;1,976252E+15
114634;1,982352E+16
114636;1,974727E+16
114638;1,967102E+16
11464;1,982352E+16
114642;1,991502E+16
114644;1,973202E+15
114646;1,973202E+15
114648;1,982352E+16
11465;1,979302E+16
114652;1,979302E+16
114654;1,973202E+15
114656;1,976252E+15
114658;1,979302E+16
11466;1,973202E+15
114662;1,985402E+15
114664;1,988452E+16
114666;1,986927E+16
114668;1,985402E+15
11467;1,988452E+16
114672;1,979302E+16
114674;1,976252E+15
114676;1,994552E+15
114678;1,982352E+16
11468;1,982352E+16
114682;1,979302E+16
114684;1,979302E+16
114686;1,974727E+15
114688;1,970152E+16
11469;1,979302E+16
114692;1,988452E+16
114694;1,988452E+16
114696;2,003701E+15
