Zeit,Normalkraft
10.47,19.67102242
10.4702,19.640522
10.4704,19.67102242
10.4706,19.76251984
10.4708,19.640522
10.471,19.54902458
10.4712,19.76251984
10.4714,19.76251984
10.4716,19.6100235
10.4718,19.6100235
10.472,19.73202133
10.4722,19.76251984
10.4724,19.6100235
10.4726,19.67102242
10.4728,19.76251984
10.473,19.640522
10.4732,19.70152092
10.4734,19.73202133
10.4736,19.73202133
10.4738,19.67102242
10.474,19.640522
10.4742,19.70152092
10.4744,19.70152092
10.4746,19.6100235
10.4748,19.67102242
10.475,19.67102242
10.4752,19.76251984
10.4754,19.640522
10.4756,19.76251984
10.4758,19.6100235
10.476,19.6100235
10.4762,19.79301834
10.4764,19.70152092
10.4766,19.70152092
10.4768,19.640522
10.477,19.57952309
10.4772,19.640522
10.4774,19.70152092
10.4776,19.57952309
10.4778,19.67102242
10.478,19.73202133
10.4782,19.70152092
10.4784,19.57952309
10.4786,19.70152092
10.4788,19.640522
10.479,19.640522
10.4792,19.57952309
10.4794,19.67102242
10.4796,19.70152092
10.4798,19.6100235
10.48,19.640522
10.4802,19.79301834
10.4804,19.6100235
10.4806,19.6100235
10.4808,19.70152092
10.481,19.640522
10.4812,19.70152092
10.4814,19.57952309
10.4816,19.54902458
10.4818,19.640522
10.482,19.6100235
10.4822,19.76251984
10.4824,19.67102242
10.4826,19.67102242
10.4828,19.6100235
10.483,19.70152092
10.4832,19.79301834
10.4834,19.51852608
10.4836,19.54902458
10.4838,19.70152092
10.484,19.640522
10.4842,19.640522
10.4844,19.640522
10.4846,19.640522
10.4848,19.640522
10.485,19.640522
10.4852,19.54902458
10.4854,19.73202133
10.4856,19.57952309
10.4858,19.54902458
10.486,19.70152092
10.4862,19.640522
10.4864,19.57952309
10.4866,19.67102242
10.4868,19.70152092
10.487,19.6100235
10.4872,19.54902458
10.4874,19.67102242
10.4876,19.67102242
10.4878,19.640522
10.488,19.57952309
10.4882,19.67102242
10.4884,19.70152092
10.4886,19.6100235
10.4888,19.6100235
10.489,19.70152092
10.4892,19.6100235
10.4894,19.640522
10.4896,19.67102242
10.4898,19.640522
10.49,19.640522
10.4902,19.54902458
10.4904,19.67102242
10.4906,19.73202133
10.4908,19.6100235
10.491,19.54902458
10.4912,19.57952309
10.4914,19.70152092
10.4916,19.640522
10.4918,19.70152092
10.492,19.73202133
10.4922,19.67102242
10.4924,19.6100235
10.4926,19.640522
10.4928,19.70152092
10.493,19.57952309
10.4932,19.6100235
10.4934,19.67102242
10.4936,19.73202133
10.4938,19.640522
10.494,19.6100235
10.4942,19.70152092
10.4944,19.67102242
10.4946,19.57952309
10.4948,19.67102242
10.495,19.79301834
10.4952,19.70152092
10.4954,19.6100235
10.4956,19.67102242
10.4958,19.67102242
10.496,19.6100235
10.4962,19.48802567
10.4964,19.73202133
10.4966,19.70152092
10.4968,19.54902458
10.497,19.6100235
10.4972,19.67102242
10.4974,19.51852608
10.4976,19.640522
10.4978,19.67102242
10.498,19.640522
10.4982,19.640522
10.4984,19.640522
10.4986,19.640522
10.4988,19.73202133
10.499,19.6100235
10.4992,19.76251984
10.4994,19.70152092
10.4996,19.6100235
10.4998,19.640522
10.5,19.70152092
10.5002,19.70152092
10.5004,19.54902458
10.5006,19.640522
10.5008,19.67102242
10.501,19.79301834
10.5012,19.640522
10.5014,19.67102242
10.5016,19.70152092
10.5018,19.67102242
10.502,19.51852608
10.5022,19.76251984
10.5024,19.67102242
10.5026,19.6100235
10.5028,19.6100235
10.503,19.67102242
10.5032,19.79301834
10.5034,19.57952309
10.5036,19.6100235
10.5038,19.76251984
10.504,19.67102242
10.5042,19.79301834
10.5044,19.67102242
10.5046,19.70152092
10.5048,19.6100235
10.505,19.54902458
10.5052,19.62527275
10.5054,19.70152092
10.5056,19.57952309
10.5058,19.640522
10.506,19.76251984
10.5062,19.67102242
10.5064,19.6100235
10.5066,19.67102242
10.5068,19.640522
10.507,19.6100235
10.5072,19.64052296
10.5074,19.67102242
10.5076,19.70152092
10.5078,19.640522
10.508,19.57952309
10.5082,19.61002254
10.5084,19.640522
10.5086,19.640522
10.5088,19.67102242
10.509,19.67102242
10.5092,19.640522
10.5094,19.57952309
10.5096,19.640522
10.5098,19.70152092
10.51,19.57952309
10.5102,19.54902458
10.5104,19.70152092
10.5106,19.67102242
10.5108,19.51852608
10.511,19.54902458
10.5112,19.54902458
10.5114,19.6100235
10.5116,19.57952309
10.5118,19.640522
10.512,19.640522
10.5122,19.59477329
10.5124,19.54902458
10.5126,19.640522
10.5128,19.67102242
10.513,19.57952309
10.5132,19.61002254
10.5134,19.640522
10.5136,19.54902458
10.5138,19.57952309
10.514,19.67102242
10.5142,19.54902458
10.5144,19.57952309
10.5146,19.6100235
10.5148,19.73202133
10.515,19.67102242
10.5152,19.51852608
10.5154,19.6100235
10.5156,19.70152092
10.5158,19.6100235
10.516,19.57952309
10.5162,19.640522
10.5164,19.70152092
10.5166,19.54902458
10.5168,19.6100235
10.517,19.73202133
10.5172,19.54902458
10.5174,19.54902458
10.5176,19.640522
10.5178,19.70152092
10.518,19.67102242
10.5182,19.64052296
10.5184,19.6100235
10.5186,19.70152092
10.5188,19.6100235
10.519,19.57952309
10.5192,19.640522
10.5194,19.70152092
10.5196,19.54902458
10.5198,19.640522
10.52,19.67102242
10.5202,19.64052296
10.5204,19.6100235
10.5206,19.640522
10.5208,19.640522
10.521,19.6100235
10.5212,19.51852608
10.5214,19.67102242
10.5216,19.73202133
10.5218,19.57952309
10.522,19.67102242
10.5222,19.65577221
10.5224,19.640522
10.5226,19.54902458
10.5228,19.640522
10.523,19.70152092
10.5232,19.39652824
10.5234,19.54902458
10.5236,19.67102242
10.5238,19.73202133
10.524,19.6100235
10.5242,19.54902458
10.5244,19.73202133
10.5246,19.76251984
10.5248,19.6100235
10.525,19.640522
10.5252,19.6100235
10.5254,19.6100235
10.5256,19.6100235
10.5258,19.67102242
10.526,19.67102242
10.5262,19.65577221
10.5264,19.640522
10.5266,19.6100235
10.5268,19.70152092
10.527,19.67102242
10.5272,19.57952309
10.5274,19.67102242
10.5276,19.70152092
10.5278,19.54902458
10.528,19.70152092
10.5282,19.48802567
10.5284,19.57952309
10.5286,19.640522
10.5288,19.70152092
10.529,19.67102242
10.5292,19.57952309
10.5294,19.57952309
10.5296,19.70152092
10.5298,19.70152092
10.53,19.57952309
10.5302,19.640522
10.5304,19.70152092
10.5306,19.57952309
10.5308,19.57952309
10.531,19.67102242
10.5312,19.70152092
10.5314,19.67102242
10.5316,19.57952309
10.5318,19.67102242
10.532,19.67102242
10.5322,19.6100235
10.5324,19.6100235
10.5326,19.70152092
10.5328,19.70152092
10.533,19.57952309
10.5332,19.640522
10.5334,19.70152092
10.5336,19.6100235
10.5338,19.640522
10.534,19.67102242
10.5342,19.6100235
10.5344,19.54902458
10.5346,19.70152092
10.5348,19.70152092
10.535,19.85401726
10.5352,19.74726963
10.5354,19.640522
10.5356,19.67102242
10.5358,19.640522
10.536,19.57952309
10.5362,19.55919075
10.5364,19.53885841
10.5366,19.51852608
10.5368,19.640522
10.537,19.67102242
10.5372,19.64052296
10.5374,19.6100235
10.5376,19.640522
10.5378,19.73202133
10.538,19.640522
10.5382,19.67102146
10.5384,19.70152092
10.5386,19.82351875
10.5388,19.6100235
10.539,19.6100235
10.5392,19.59477329
10.5394,19.57952309
10.5396,19.57952309
10.5398,19.73202133
10.54,19.70152092
10.5402,19.6100235
10.5404,19.640522
10.5406,19.640522
10.5408,19.76251984
10.541,19.6100235
10.5412,19.88451767
10.5414,19.73202133
10.5416,19.67102242
10.5418,19.54902458
10.542,19.640522
10.5422,19.62527275
10.5424,19.6100235
10.5426,19.640522
10.5428,19.73202133
10.543,19.79301834
10.5432,19.48802567
10.5434,19.640522
10.5436,19.76251984
10.5438,19.70152092
10.544,19.57952309
10.5442,19.640522
10.5444,19.76251984
10.5446,19.70152092
10.5448,19.57952309
10.545,19.73202133
10.5452,19.640522
10.5454,19.640522
10.5456,19.67102242
10.5458,19.70152092
10.546,19.70152092
10.5462,19.6100235
10.5464,19.6100235
10.5466,19.73202133
10.5468,19.76251984
10.547,19.57952309
10.5472,19.67102242
10.5474,19.79301834
10.5476,19.51852608
10.5478,19.640522
10.548,19.73202133
10.5482,19.57952309
10.5484,19.640522
10.5486,19.640522
10.5488,19.73202133
10.549,19.67102242
10.5492,19.67102242
10.5494,19.67102242
10.5496,19.82351875
10.5498,19.640522
10.55,19.6100235
10.5502,19.64052296
10.5504,19.67102242
10.5506,19.57952309
10.5508,19.6100235
10.551,19.640522
10.5512,19.65577221
10.5514,19.67102242
10.5516,19.640522
10.5518,19.76251984
10.552,19.640522
10.5522,19.71677017
10.5524,19.79301834
10.5526,19.67102242
10.5528,19.6100235
10.553,19.67102242
10.5532,19.64052296
10.5534,19.6100235
10.5536,19.57952309
10.5538,19.640522
10.554,19.76251984
10.5542,19.68627167
10.5544,19.6100235
10.5546,19.70152092
10.5548,19.73202133
10.555,19.640522
10.5552,19.65577221
10.5554,19.67102242
10.5556,19.73202133
10.5558,19.67102242
10.556,19.6100235
10.5562,19.6100235
10.5564,19.640522
10.5566,19.6100235
10.5568,19.67102242
10.557,19.70152092
10.5572,19.67102146
10.5574,19.640522
10.5576,19.6100235
10.5578,19.70152092
10.558,19.6100235
10.5582,19.70152092
10.5584,19.79301834
10.5586,19.67102242
10.5588,19.6100235
10.559,19.70152092
10.5592,19.6100235
10.5594,19.6100235
10.5596,19.6100235
10.5598,19.57952309
10.56,19.70152092
10.5602,19.72185389
10.5604,19.74218686
10.5606,19.76251984
10.5608,19.640522
10.561,19.51852608
10.5612,19.6252737
10.5614,19.73202133
10.5616,19.57952309
10.5618,19.6100235
10.562,19.640522
10.5622,19.640522
10.5624,19.640522
10.5626,19.57952309
10.5628,19.67102242
10.563,19.67102242
10.5632,19.65577221
10.5634,19.640522
10.5636,19.70152092
10.5638,19.51852608
10.564,19.57952309
10.5642,19.62527275
10.5644,19.67102242
10.5646,19.6100235
10.5648,19.6100235
10.565,19.640522
10.5652,19.62527275
10.5654,19.6100235
10.5656,19.6100235
10.5658,19.67102242
10.566,19.6100235
10.5662,19.62527275
10.5664,19.640522
10.5666,19.640522
10.5668,19.54902458
10.567,19.54902458
10.5672,19.57952404
10.5674,19.6100235
10.5676,19.57952309
10.5678,19.57952309
10.568,19.70152092
10.5682,19.65577221
10.5684,19.6100235
10.5686,19.6100235
10.5688,19.76251984
10.569,19.6100235
10.5692,19.64052296
10.5694,19.67102242
10.5696,19.640522
10.5698,19.54902458
10.57,19.57952309
10.5702,19.67102242
10.5704,19.54902458
10.5706,19.57952309
10.5708,19.57952309
10.571,19.67102242
10.5712,19.59477425
10.5714,19.51852608
10.5716,19.640522
10.5718,19.640522
10.572,19.51852608
10.5722,19.48802567
10.5724,19.640522
10.5726,19.57952309
10.5728,19.6100235
10.573,19.6100235
10.5732,19.57952404
10.5734,19.54902458
10.5736,19.54902458
10.5738,19.6100235
10.574,19.54902458
10.5742,19.56427383
10.5744,19.57952309
10.5746,19.70152092
10.5748,19.67102242
10.575,19.51852608
10.5752,19.52869225
10.5754,19.53885841
10.5756,19.54902458
10.5758,19.57952309
10.576,19.6100235
10.5762,19.61764812
10.5764,19.62527275
10.5766,19.63289738
10.5768,19.640522
10.577,19.70152092
10.5772,19.640522
10.5774,19.57952309
10.5776,19.6100235
10.5778,19.57952309
10.578,19.57952309
10.5782,19.62527275
10.5784,19.67102242
10.5786,19.51852608
10.5788,19.57952309
10.579,19.6100235
10.5792,19.6100235
10.5794,19.6100235
10.5796,19.54902458
10.5798,19.67102242
10.58,19.640522
10.5802,19.640522
10.5804,19.640522
10.5806,19.70152092
10.5808,19.51852608
10.581,19.51852608
10.5812,19.54902458
10.5814,19.57952309
10.5816,19.6100235
10.5818,19.57952309
10.582,19.640522
10.5822,19.57952404
10.5824,19.51852608
10.5826,19.48802567
10.5828,19.67102242
10.583,19.54902458
10.5832,19.6100235
10.5834,19.67102242
10.5836,19.67102242
10.5838,19.54902458
10.584,19.6100235
10.5842,19.59477329
10.5844,19.57952309
10.5846,19.57952309
10.5848,19.6100235
10.585,19.640522
10.5852,19.54902458
10.5854,19.48802567
10.5856,19.6100235
10.5858,19.67102242
10.586,19.51852608
10.5862,19.54902458
10.5864,19.67102242
10.5866,19.640522
10.5868,19.54902458
10.587,19.6100235
10.5872,19.67102242
10.5874,19.6100235
10.5876,19.6100235
10.5878,19.6100235
10.588,19.67102242
10.5882,19.54902458
10.5884,19.51852608
10.5886,19.6100235
10.5888,19.76251984
10.589,19.54902458
10.5892,19.57952309
10.5894,19.70152092
10.5896,19.6100235
10.5898,19.51852608
10.59,19.640522
10.5902,19.640522
10.5904,19.57952309
10.5906,19.6100235
10.5908,19.76251984
10.591,19.67102242
10.5912,19.57952309
10.5914,19.6100235
10.5916,19.70152092
10.5918,19.70152092
10.592,19.640522
10.5922,19.640522
10.5924,19.640522
10.5926,19.6100235
10.5928,19.48802567
10.593,19.640522
10.5932,19.73202133
10.5934,19.57952309
10.5936,19.54902458
10.5938,19.70152092
10.594,19.82351875
10.5942,19.54902458
10.5944,19.640522
10.5946,19.67102242
10.5948,19.57952309
10.595,19.57952309
10.5952,19.67102242
10.5954,19.70152092
10.5956,19.67102242
10.5958,19.6100235
10.596,19.79301834
10.5962,19.70152092
10.5964,19.54902458
10.5966,19.57952309
10.5968,19.67102242
10.597,19.640522
10.5972,19.6100235
10.5974,19.640522
10.5976,19.70152092
10.5978,19.6100235
10.598,19.54902458
10.5982,19.67102242
10.5984,19.6100235
10.5986,19.57952309
10.5988,19.57952309
10.599,19.640522
10.5992,19.640522
10.5994,19.57952309
10.5996,19.70152092
10.5998,19.73202133
10.6,19.6100235
10.6002,19.640522
10.6004,19.73202133
10.6006,19.67102242
10.6008,19.6100235
10.601,19.6100235
10.6012,19.67102242
10.6014,19.70152092
10.6016,19.6100235
10.6018,19.54902458
10.602,19.70152092
10.6022,19.6100235
10.6024,19.57952309
10.6026,19.67102242
10.6028,19.70152092
10.603,19.6100235
10.6032,19.640522
10.6034,19.67102242
10.6036,19.73202133
10.6038,19.6100235
10.604,19.57952309
10.6042,19.70152092
10.6044,19.6100235
10.6046,19.54902458
10.6048,19.73202133
10.605,19.73202133
10.6052,19.6100235
10.6054,19.6100235
10.6056,19.73202133
10.6058,19.67102242
10.606,19.57952309
10.6062,19.70152092
10.6064,19.70152092
10.6066,19.6100235
10.6068,19.57952309
10.607,19.67102242
10.6072,19.76251984
10.6074,19.640522
10.6076,19.57952309
10.6078,19.76251984
10.608,19.640522
10.6082,19.640522
10.6084,19.57952309
10.6086,19.67102242
10.6088,19.6100235
10.609,19.6100235
10.6092,19.6100235
10.6094,19.70152092
10.6096,19.6100235
10.6098,19.6100235
10.61,19.67102242
10.6102,19.67102242
10.6104,19.57952309
10.6106,19.57952309
10.6108,19.67102242
10.611,19.640522
10.6112,19.6100235
10.6114,19.73202133
10.6116,19.640522
10.6118,19.57952309
10.612,19.57952309
10.6122,19.640522
10.6124,19.70152092
10.6126,19.57952309
10.6128,19.54902458
10.613,19.73202133
10.6132,19.67102242
10.6134,19.57952309
10.6136,19.640522
10.6138,19.70152092
10.614,19.65577221
10.6142,19.6100235
10.6144,19.67102242
10.6146,19.67102242
10.6148,19.640522
10.615,19.640522
10.6152,19.70152092
10.6154,19.640522
10.6156,19.48802567
10.6158,19.6100235
10.616,19.640522
10.6162,19.6100235
10.6164,19.640522
10.6166,19.70152092
10.6168,19.640522
10.617,19.6100235
10.6172,19.6100235
10.6174,19.640522
10.6176,19.6100235
10.6178,19.57952309
10.618,19.54902458
10.6182,19.640522
10.6184,19.54902458
10.6186,19.51852608
10.6188,19.67102242
10.619,19.67102242
10.6192,19.6100235
10.6194,19.6100235
10.6196,19.67102242
10.6198,19.6100235
10.62,19.48802567
10.6202,19.54902458
10.6204,19.640522
10.6206,19.6100235
10.6208,19.54902458
10.621,19.57952309
10.6212,19.640522
10.6214,19.6100235
10.6216,19.51852608
10.6218,19.70152092
10.622,19.640522
10.6222,19.51852608
10.6224,19.57952309
10.6226,19.67102242
10.6228,19.6100235
10.623,19.57952309
10.6232,19.57952309
10.6234,19.57952309
10.6236,19.57952309
10.6238,19.48802567
10.624,19.640522
10.6242,19.640522
10.6244,19.62527275
10.6246,19.6100235
10.6248,19.67102242
10.625,19.57952309
10.6252,19.57952309
10.6254,19.6100235
10.6256,19.6100235
10.6258,19.6100235
10.626,19.54902458
10.6262,19.57952309
10.6264,19.640522
10.6266,19.51852608
10.6268,19.57952309
10.627,19.640522
10.6272,19.640522
10.6274,19.51852608
10.6276,19.6100235
10.6278,19.67102242
10.628,19.57952309
10.6282,19.54902458
10.6284,19.57952309
10.6286,19.70152092
10.6288,19.67102242
10.629,19.54902458
10.6292,19.640522
10.6294,19.6100235
10.6296,19.51852608
10.6298,19.6100235
10.63,19.640522
10.6302,19.54902458
10.6304,19.54902458
10.6306,19.67102242
10.6308,19.640522
10.631,19.54902458
10.6312,19.57952309
10.6314,19.640522
10.6316,19.54902458
10.6318,19.640522
10.632,19.54902458
10.6322,19.70152092
10.6324,19.640522
10.6326,19.54902458
10.6328,19.6100235
10.633,19.73202133
10.6332,19.51852608
10.6334,19.48802567
10.6336,19.640522
10.6338,19.67102242
10.634,19.57952309
10.6342,19.57952309
10.6344,19.57952309
10.6346,19.67102242
10.6348,19.79301834
10.635,19.70152092
10.6352,19.6100235
10.6354,19.51852608
10.6356,19.45752716
10.6358,19.67102242
10.636,19.67102242
10.6362,19.57952309
10.6364,19.57952309
10.6366,19.57952309
10.6368,19.6100235
10.637,19.54902458
10.6372,19.54902458
10.6374,19.73202133
10.6376,19.6100235
10.6378,19.54902458
10.638,19.67102242
10.6382,19.640522
10.6384,19.54902458
10.6386,19.54902458
10.6388,19.640522
10.639,19.640522
10.6392,19.57952309
10.6394,19.57952309
10.6396,19.67102242
10.6398,19.6100235
10.64,19.6100235
10.6402,19.6100235
10.6404,19.67102242
10.6406,19.6100235
10.6408,19.54902458
10.641,19.640522
10.6412,19.70152092
10.6414,19.57952309
10.6416,19.57952309
10.6418,19.640522
10.642,19.57952309
10.6422,19.54902458
10.6424,19.6100235
10.6426,19.51852608
10.6428,19.6100235
10.643,19.51852608
10.6432,19.640522
10.6434,19.640522
10.6436,19.54902458
10.6438,19.57952309
10.644,19.67102242
10.6442,19.54902458
10.6444,19.54902458
10.6446,19.640522
10.6448,19.640522
10.645,19.6100235
10.6452,19.48802567
10.6454,19.57952309
10.6456,19.70152092
10.6458,19.54902458
10.646,19.51852608
10.6462,19.70152092
10.6464,19.6100235
10.6466,19.48802567
10.6468,19.640522
10.647,19.70152092
10.6472,19.54902458
10.6474,19.54902458
10.6476,19.57952309
10.6478,19.70152092
10.648,19.6100235
10.6482,19.48802567
10.6484,19.54902458
10.6486,19.640522
10.6488,19.51852608
10.649,19.640522
10.6492,19.54902458
10.6494,19.54902458
10.6496,19.57952309
10.6498,19.67102242
10.65,19.6100235
10.6502,19.640522
10.6504,19.54902458
10.6506,19.6100235
10.6508,19.640522
10.651,19.57952309
10.6512,19.57952309
10.6514,19.6100235
10.6516,19.57952309
10.6518,19.48802567
10.652,19.6100235
10.6522,19.70152092
10.6524,19.54902458
10.6526,19.51852608
10.6528,19.67102242
10.653,19.54902458
10.6532,19.6100235
10.6534,19.54902458
10.6536,19.640522
10.6538,19.57952309
10.654,19.6100235
10.6542,19.57952309
10.6544,19.67102242
10.6546,19.57952309
10.6548,19.48802567
10.655,19.6100235
10.6552,19.67102242
10.6554,19.57952309
10.6556,19.51852608
10.6558,19.67102242
10.656,19.640522
10.6562,19.6100235
10.6564,19.57952309
10.6566,19.57952309
10.6568,19.57952309
10.657,19.45752716
10.6572,19.640522
10.6574,19.640522
10.6576,19.48802567
10.6578,19.51852608
10.658,19.67102242
10.6582,19.54902458
10.6584,19.54902458
10.6586,19.67102242
10.6588,19.640522
10.659,19.67102242
10.6592,19.48802567
10.6594,19.51852608
10.6596,19.640522
10.6598,19.51852608
10.66,19.51852608
10.6602,19.67102242
10.6604,19.67102242
10.6606,19.51852608
10.6608,19.640522
10.661,19.640522
10.6612,19.51852608
10.6614,19.57952309
10.6616,19.57952309
10.6618,19.6100235
10.662,19.51852608
10.6622,19.48802567
10.6624,19.57952309
10.6626,19.6100235
10.6628,19.57952309
10.663,19.54902458
10.6632,19.640522
10.6634,19.6100235
10.6636,19.51852608
10.6638,19.640522
10.664,19.57952309
10.6642,19.51852608
10.6644,19.6100235
10.6646,19.6100235
10.6648,19.6100235
10.665,19.54902458
10.6652,19.45752716
10.6654,19.67102242
10.6656,19.57952309
10.6658,19.48802567
10.666,19.57952309
10.6662,19.67102242
10.6664,19.48802567
10.6666,19.51852608
10.6668,19.6100235
10.667,19.640522
10.6672,19.6100235
10.6674,19.48802567
10.6676,19.54902458
10.6678,19.67102242
10.668,19.54902458
10.6682,19.54902458
10.6684,19.70152092
10.6686,19.54902458
10.6688,19.48802567
10.669,19.6100235
10.6692,19.57952309
10.6694,19.51852608
10.6696,19.51852608
10.6698,19.640522
10.67,19.67102242
10.6702,19.48802567
10.6704,19.54902458
10.6706,19.67102242
10.6708,19.51852608
10.671,19.45752716
10.6712,19.67102242
10.6714,19.6100235
10.6716,19.51852608
10.6718,19.54902458
10.672,19.640522
10.6722,19.6100235
10.6724,19.54902458
10.6726,19.51852608
10.6728,19.6100235
10.673,19.6100235
10.6732,19.51852608
10.6734,19.54902458
10.6736,19.6100235
10.6738,19.48802567
10.674,19.51852608
10.6742,19.6100235
10.6744,19.67102242
10.6746,19.54902458
10.6748,19.6100235
10.675,19.640522
10.6752,19.6100235
10.6754,19.51852608
10.6756,19.6100235
10.6758,19.6100235
10.676,19.54902458
10.6762,19.51852608
10.6764,19.640522
10.6766,19.640522
10.6768,19.51852608
10.677,19.51852608
10.6772,19.640522
10.6774,19.57952309
10.6776,19.57952309
10.6778,19.6100235
10.678,19.57952309
10.6782,19.57952309
10.6784,19.54902458
10.6786,19.51852608
10.6788,19.67102242
10.679,19.54902458
10.6792,19.48802567
10.6794,19.640522
10.6796,19.6100235
10.6798,19.51852608
10.68,19.640522
10.6802,19.57952309
10.6804,19.54902458
10.6806,19.48802567
10.6808,19.57952309
10.681,19.640522
10.6812,19.51852608
10.6814,19.57952309
10.6816,19.6100235
10.6818,19.6100235
10.682,19.48802567
10.6822,19.6100235
10.6824,19.67102242
10.6826,19.57952309
10.6828,19.51852608
10.683,19.640522
10.6832,19.6100235
10.6834,19.54902458
10.6836,19.51852608
10.6838,19.640522
10.684,19.6100235
10.6842,19.57952309
10.6844,19.51852608
10.6846,19.640522
10.6848,19.6100235
10.685,19.51852608
10.6852,19.67102242
10.6854,19.70152092
10.6856,19.57952309
10.6858,19.51852608
10.686,19.57952309
10.6862,19.640522
10.6864,19.6100235
10.6866,19.51852608
10.6868,19.54902458
10.687,19.640522
10.6872,19.54902458
10.6874,19.54902458
10.6876,19.67102242
10.6878,19.640522
10.688,19.48802567
10.6882,19.67102242
10.6884,19.67102242
10.6886,19.51852608
10.6888,19.54902458
10.689,19.57952404
10.6892,19.6100235
10.6894,19.51852608
10.6896,19.48802567
10.6898,19.640522
10.69,19.57952309
10.6902,19.48802567
10.6904,19.70152092
10.6906,19.70152092
10.6908,19.51852608
10.691,19.57952309
10.6912,19.70152092
10.6914,19.70152092
10.6916,19.54902458
10.6918,19.51852608
10.692,19.640522
10.6922,19.640522
10.6924,19.51852608
10.6926,19.57952309
10.6928,19.67102242
10.693,19.57952309
10.6932,19.57952309
10.6934,19.67102242
10.6936,19.640522
10.6938,19.51852608
10.694,19.54902458
10.6942,19.640522
10.6944,19.640522
10.6946,19.57952309
10.6948,19.640522
10.695,19.640522
10.6952,19.54902458
10.6954,19.57952309
10.6956,19.640522
10.6958,19.67102242
10.696,19.54902458
10.6962,19.51852608
10.6964,19.70152092
10.6966,19.6100235
10.6968,19.51852608
10.697,19.6100235
10.6972,19.640522
10.6974,19.57952309
10.6976,19.54902458
10.6978,19.640522
10.698,19.640522
10.6982,19.57952309
10.6984,19.51852608
10.6986,19.57952309
10.6988,19.640522
10.699,19.48802567
10.6992,19.54902458
10.6994,19.67102242
10.6996,19.54902458
10.6998,19.57952309
10.7,19.57952309
10.7002,19.6100235
10.7004,19.57952309
10.7006,19.57952309
10.7008,19.640522
10.701,19.640522
10.7012,19.51852608
10.7014,19.57952309
10.7016,19.640522
10.7018,19.54902458
10.702,19.48802567
10.7022,19.6100235
10.7024,19.67102242
10.7026,19.57952309
10.7028,19.54902458
10.703,19.640522
10.7032,19.640522
10.7034,19.57952309
10.7036,19.48802567
10.7038,19.70152092
10.704,19.57952309
10.7042,19.48802567
10.7044,19.6100235
10.7046,19.640522
10.7048,19.51852608
10.705,19.51852608
10.7052,19.57952309
10.7054,19.640522
10.7056,19.51852608
10.7058,19.51852608
10.706,19.6100235
10.7062,19.54902458
10.7064,19.42702675
10.7066,19.54902458
10.7068,19.6100235
10.707,19.6100235
10.7072,19.51852608
10.7074,19.57952309
10.7076,19.6100235
10.7078,19.48802567
10.708,19.54902458
10.7082,19.54902458
10.7084,19.54902458
10.7086,19.54902458
10.7088,19.54902458
10.709,19.640522
10.7092,19.54902458
10.7094,19.48802567
10.7096,19.6100235
10.7098,19.57952309
10.71,19.51852608
10.7102,19.51852608
10.7104,19.57952309
10.7106,19.54902458
10.7108,19.48802567
10.711,19.54902458
10.7112,19.640522
10.7114,19.57952309
10.7116,19.48802567
10.7118,19.48802567
10.712,19.6100235
10.7122,19.51852608
10.7124,19.39652824
10.7126,19.76251984
10.7128,19.640522
10.713,19.45752716
10.7132,19.54902458
10.7134,19.57952309
10.7136,19.51852608
10.7138,19.73202133
10.714,19.57952309
10.7142,19.54902458
10.7144,19.51852608
10.7146,19.42702675
10.7148,19.54902458
10.715,19.54902458
10.7152,19.45752716
10.7154,19.45752716
10.7156,19.6100235
10.7158,19.51852608
10.716,19.48802567
10.7162,19.54902458
10.7164,19.6100235
10.7166,19.51852608
10.7168,19.48802567
10.717,19.6100235
10.7172,19.57952309
10.7174,19.51852608
10.7176,19.48802567
10.7178,19.57952309
10.718,19.57952309
10.7182,19.45752716
10.7184,19.51852608
10.7186,19.640522
10.7188,19.45752716
10.719,19.51852608
10.7192,19.57952309
10.7194,19.48802567
10.7196,19.48802567
10.7198,19.51852608
10.72,19.51852608
10.7202,19.54902458
10.7204,19.42702675
10.7206,19.48802567
10.7208,19.640522
10.721,19.51852608
10.7212,19.42702675
10.7214,19.57952309
10.7216,19.54902458
10.7218,19.51852608
10.722,19.48802567
10.7222,19.54902458
10.7224,19.6100235
10.7226,19.48802567
10.7228,19.48802567
10.723,19.6100235
10.7232,19.57952309
10.7234,19.39652824
10.7236,19.51852608
10.7238,19.51852608
10.724,19.48802567
10.7242,19.67102242
10.7244,19.54902458
10.7246,19.54902458
10.7248,19.51852608
10.725,19.51852608
10.7252,19.6100235
10.7254,19.57952309
10.7256,19.45752716
10.7258,19.54902458
10.726,19.640522
10.7262,19.45752716
10.7264,19.42702675
10.7266,19.6100235
10.7268,19.640522
10.727,19.45752716
10.7272,19.48802567
10.7274,19.54902458
10.7276,19.51852608
10.7278,19.48802567
10.728,19.54902458
10.7282,19.6100235
10.7284,19.51852608
10.7286,19.48802567
10.7288,19.51852608
10.729,19.6100235
10.7292,19.51852608
10.7294,19.45752716
10.7296,19.6100235
10.7298,19.54902458
10.73,19.45752716
10.7302,19.57952309
10.7304,19.57952309
10.7306,19.54902458
10.7308,19.51852608
10.731,19.45752716
10.7312,19.640522
10.7314,19.51852608
10.7316,19.45752716
10.7318,19.640522
10.732,19.640522
10.7322,19.48802567
10.7324,19.57952309
10.7326,19.6100235
10.7328,19.54902458
10.733,19.54902458
10.7332,19.54902458
10.7334,19.57952309
10.7336,19.54902458
10.7338,19.51852608
10.734,19.57952309
10.7342,19.6100235
10.7344,19.51852608
10.7346,19.59477425
10.7348,19.67102242
10.735,19.54902458
10.7352,19.54902458
10.7354,19.6100235
10.7356,19.6100235
10.7358,19.51852608
10.736,19.48802567
10.7362,19.67102242
10.7364,19.640522
10.7366,19.54902458
10.7368,19.48802567
10.737,19.67102242
10.7372,19.70152092
10.7374,19.48802567
10.7376,19.6100235
10.7378,19.640522
10.738,19.54902458
10.7382,19.48802567
10.7384,19.6100235
10.7386,19.67102242
10.7388,19.57952309
10.739,19.54902458
10.7392,19.6100235
10.7394,19.57952309
10.7396,19.6100235
10.7398,19.6100235
10.74,19.70152092
10.7402,19.57952309
10.7404,19.48802567
10.7406,19.67102242
10.7408,19.640522
10.741,19.51852608
10.7412,19.57952309
10.7414,19.67102242
10.7416,19.640522
10.7418,19.57952309
10.742,19.54902458
10.7422,19.67102242
10.7424,19.51852608
10.7426,19.51852608
10.7428,19.70152092
10.743,19.70152092
10.7432,19.51852608
10.7434,19.51852608
10.7436,19.70152092
10.7438,19.640522
10.744,19.57952309
10.7442,19.54902458
10.7444,19.6100235
10.7446,19.640522
10.7448,19.54902458
10.745,19.48802567
10.7452,19.70152092
10.7454,19.54902458
10.7456,19.57952309
10.7458,19.640522
10.746,19.67102242
10.7462,19.640522
10.7464,19.57952309
10.7466,19.640522
10.7468,19.640522
10.747,19.54902458
10.7472,19.57952309
10.7474,19.67102242
10.7476,19.51852608
10.7478,19.54902458
10.748,19.640522
10.7482,19.67102242
10.7484,19.57952309
10.7486,19.6100235
10.7488,19.67102242
10.749,19.640522
10.7492,19.51852608
10.7494,19.6100235
10.7496,19.640522
10.7498,19.57952309
10.75,19.54902458
10.7502,19.67102242
10.7504,19.67102242
10.7506,19.6100235
10.7508,19.51852608
10.751,19.640522
10.7512,19.640522
10.7514,19.45752716
10.7516,19.6100235
10.7518,19.73202133
10.752,19.51852608
10.7522,19.54902458
10.7524,19.57952309
10.7526,19.67102242
10.7528,19.57952309
10.753,19.54902458
10.7532,19.54902458
10.7534,19.640522
10.7536,19.6100235
10.7538,19.6100235
10.754,19.640522
10.7542,19.51852608
10.7544,19.42702675
10.7546,19.6100235
10.7548,19.57952309
10.755,19.57952309
10.7552,19.54902458
10.7554,19.54902458
10.7556,19.70152092
10.7558,19.54902458
10.756,19.54902458
10.7562,19.67102242
10.7564,19.57952309
10.7566,19.48802567
10.7568,19.54902458
10.757,19.6100235
10.7572,19.51852608
10.7574,19.51852608
10.7576,19.640522
10.7578,19.640522
10.758,19.45752716
10.7582,19.51852608
10.7584,19.54902458
10.7586,19.48802567
10.7588,19.54902458
10.759,19.48802567
10.7592,19.57952309
10.7594,19.48802567
10.7596,19.45752716
10.7598,19.640522
10.76,19.640522
10.7602,19.45752716
10.7604,19.48802567
10.7606,19.57952309
10.7608,19.51852608
10.761,19.45752716
10.7612,19.57952309
10.7614,19.54902458
10.7616,19.57952309
10.7618,19.42702675
10.762,19.6100235
10.7622,19.67102242
10.7624,19.39652824
10.7626,19.45752716
10.7628,19.640522
10.763,19.57952309
10.7632,19.42702675
10.7634,19.51852608
10.7636,19.51852608
10.7638,19.6100235
10.764,19.51852608
10.7642,19.48802567
10.7644,19.640522
10.7646,19.48802567
10.7648,19.42702675
10.765,19.57952309
10.7652,19.6100235
10.7654,19.42702675
10.7656,19.51852608
10.7658,19.57952309
10.766,19.54902458
10.7662,19.48802567
10.7664,19.51852608
10.7666,19.54902458
10.7668,19.48802567
10.767,19.42702675
10.7672,19.57952309
10.7674,19.57952309
10.7676,19.42702675
10.7678,19.51852608
10.768,19.54902458
10.7682,19.51852608
10.7684,19.45752716
10.7686,19.51852608
10.7688,19.51852608
10.769,19.48802567
10.7692,19.45752716
10.7694,19.57952309
10.7696,19.57952309
10.7698,19.48802567
10.77,19.45752716
10.7702,19.54902458
10.7704,19.54902458
10.7706,19.45752716
10.7708,19.48802567
10.771,19.54902458
10.7712,19.45752716
10.7714,19.51852608
10.7716,19.640522
10.7718,19.48802567
10.772,19.48802567
10.7722,19.48802567
10.7724,19.54902458
10.7726,19.54902458
10.7728,19.45752716
10.773,19.45752716
10.7732,19.57952309
10.7734,19.57952309
10.7736,19.57952309
10.7738,19.57952309
10.774,19.54902458
10.7742,19.45752716
10.7744,19.54902458
10.7746,19.640522
10.7748,19.57952309
10.775,19.51852608
10.7752,19.45752716
10.7754,19.54902458
10.7756,19.54902458
10.7758,19.48802567
10.776,19.51852608
10.7762,19.6100235
10.7764,19.48802567
10.7766,19.48802567
10.7768,19.57952309
10.777,19.54902458
10.7772,19.51852608
10.7774,19.45752716
10.7776,19.54902458
10.7778,19.54902458
10.778,19.51852608
10.7782,19.48802567
10.7784,19.57952309
10.7786,19.51852608
10.7788,19.45752716
10.779,19.57952309
10.7792,19.54902458
10.7794,19.45752716
10.7796,19.45752716
10.7798,19.6100235
10.78,19.48802567
10.7802,19.42702675
10.7804,19.45752716
10.7806,19.54902458
10.7808,19.51852608
10.781,19.51852608
10.7812,19.6100235
10.7814,19.6100235
10.7816,19.51852608
10.7818,19.42702675
10.782,19.640522
10.7822,19.54902458
10.7824,19.48802567
10.7826,19.54902458
10.7828,19.51852608
10.783,19.45752716
10.7832,19.51852608
10.7834,19.54902458
10.7836,19.640522
10.7838,19.57952309
10.784,19.59477329
10.7842,19.6100235
10.7844,19.6100235
10.7846,19.48802567
10.7848,19.54902458
10.785,19.640522
10.7852,19.48802567
10.7854,19.54902458
10.7856,19.57952309
10.7858,19.54902458
10.786,19.48802567
10.7862,19.54902458
10.7864,19.57952309
10.7866,19.57952309
10.7868,19.45752716
10.787,19.51852608
10.7872,19.6100235
10.7874,19.51852608
10.7876,19.48802567
10.7878,19.54902458
10.788,19.640522
10.7882,19.51852608
10.7884,19.45752716
10.7886,19.54902458
10.7888,19.640522
10.789,19.48802567
10.7892,19.54902458
10.7894,19.54902458
10.7896,19.54902458
10.7898,19.48802567
10.79,19.54902458
10.7902,19.70152092
10.7904,19.57952309
10.7906,19.54902458
10.7908,19.6100235
10.791,19.57952309
10.7912,19.45752716
10.7914,19.51852608
10.7916,19.51852608
10.7918,19.54902458
10.792,19.57952309
10.7922,19.51852608
10.7924,19.6100235
10.7926,19.57952309
10.7928,19.54902458
10.793,19.640522
10.7932,19.6100235
10.7934,19.45752716
10.7936,19.51852608
10.7938,19.6100235
10.794,19.54902458
10.7942,19.51852608
10.7944,19.48802567
10.7946,19.6100235
10.7948,19.57952309
10.795,19.48802567
10.7952,19.54902458
10.7954,19.67102242
10.7956,19.51852608
10.7958,19.57952309
10.796,19.6100235
10.7962,19.6100235
10.7964,19.54902458
10.7966,19.54902458
10.7968,19.57952309
10.797,19.57952309
10.7972,19.51852608
10.7974,19.54902458
10.7976,19.6100235
10.7978,19.54902458
10.798,19.51852608
10.7982,19.6100235
10.7984,19.640522
10.7986,19.48802567
10.7988,19.54902458
10.799,19.6100235
10.7992,19.45752716
10.7994,19.54902458
10.7996,19.6100235
10.7998,19.6100235
10.8,19.48802567
10.8002,19.48802567
10.8004,19.51852608
10.8006,19.640522
10.8008,19.48802567
10.801,19.45752716
10.8012,19.57952309
10.8014,19.67102242
10.8016,19.42702675
10.8018,19.54902458
10.802,19.6100235
10.8022,19.54902458
10.8024,19.54902458
10.8026,19.54902458
10.8028,19.57952309
10.803,19.54902458
10.8032,19.42702675
10.8034,19.640522
10.8036,19.54902458
10.8038,19.42702675
10.804,19.48802567
10.8042,19.640522
10.8044,19.6100235
10.8046,19.51852608
10.8048,19.54902458
10.805,19.54902458
10.8052,19.48802567
10.8054,19.54902458
10.8056,19.54902458
10.8058,19.51852608
10.806,19.48802567
10.8062,19.51852608
10.8064,19.53377533
10.8066,19.54902458
10.8068,19.45752716
10.807,19.6100235
10.8072,19.6100235
10.8074,19.51852608
10.8076,19.48802567
10.8078,19.57952309
10.808,19.6100235
10.8082,19.48802567
10.8084,19.42702675
10.8086,19.67102242
10.8088,19.57952309
10.809,19.48802567
10.8092,19.54902458
10.8094,19.6100235
10.8096,19.48802567
10.8098,19.51852608
10.81,19.6100235
10.8102,19.54902458
10.8104,19.54902458
10.8106,19.51852608
10.8108,19.6100235
10.811,19.6100235
10.8112,19.51852608
10.8114,19.51852608
10.8116,19.57952309
10.8118,19.45752716
10.812,19.48802567
10.8122,19.54902458
10.8124,19.57952309
10.8126,19.48802567
10.8128,19.51852608
10.813,19.640522
10.8132,19.48802567
10.8134,19.48802567
10.8136,19.57952309
10.8138,19.54902458
10.814,19.51852608
10.8142,19.45752716
10.8144,19.51852608
10.8146,19.640522
10.8148,19.54902458
10.815,19.45752716
10.8152,19.6100235
10.8154,19.57952309
10.8156,19.48802567
10.8158,19.54902458
10.816,19.54902458
10.8162,19.54902458
10.8164,19.51852608
10.8166,19.45752716
10.8168,19.57952309
10.817,19.51852608
10.8172,19.48802567
10.8174,19.54902458
10.8176,19.57952309
10.8178,19.45752716
10.818,19.57952309
10.8182,19.57952309
10.8184,19.57952309
10.8186,19.48802567
10.8188,19.48802567
10.819,19.67102242
10.8192,19.51852608
10.8194,19.54902458
10.8196,19.57952309
10.8198,19.57952309
10.82,19.51852608
10.8202,19.54902458
10.8204,19.57952309
10.8206,19.640522
10.8208,19.48802567
10.821,19.51852608
10.8212,19.640522
10.8214,19.57952309
10.8216,19.48802567
10.8218,19.54902458
10.822,19.6100235
10.8222,19.48802567
10.8224,19.51852608
10.8226,19.6100235
10.8228,19.6100235
10.823,19.48802567
10.8232,19.48802567
10.8234,19.57952309
10.8236,19.45752716
10.8238,19.51852608
10.824,19.51852608
10.8242,19.54902458
10.8244,19.48802567
10.8246,19.54902458
10.8248,19.57952309
10.825,19.640522
10.8252,19.51852608
10.8254,19.48802567
10.8256,19.6100235
10.8258,19.51852608
10.826,19.42702675
10.8262,19.57952309
10.8264,19.6100235
10.8266,19.42702675
10.8268,19.45752716
10.827,19.57952309
10.8272,19.57952309
10.8274,19.51852608
10.8276,19.54902458
10.8278,19.640522
10.828,19.57952309
10.8282,19.42702675
10.8284,19.48802567
10.8286,19.6100235
10.8288,19.48802567
10.829,19.48802567
10.8292,19.54902458
10.8294,19.6100235
10.8296,19.51852608
10.8298,19.51852608
10.83,19.57952309
10.8302,19.6100235
10.8304,19.48802567
10.8306,19.51852608
10.8308,19.6100235
10.831,19.51852608
10.8312,19.48802567
10.8314,19.640522
10.8316,19.57952309
10.8318,19.54902458
10.832,19.54902458
10.8322,19.6100235
10.8324,19.51852608
10.8326,19.45752716
10.8328,19.57952309
10.833,19.54902458
10.8332,19.48802567
10.8334,19.51852608
10.8336,19.57952309
10.8338,19.6100235
10.834,19.54902458
10.8342,19.45752716
10.8344,19.640522
10.8346,19.6100235
10.8348,19.51852608
10.835,19.45752716
10.8352,19.6100235
10.8354,19.57952309
10.8356,19.51852608
10.8358,19.51852608
10.836,19.57952309
10.8362,19.48802567
10.8364,19.51852608
10.8366,19.57952309
10.8368,19.57952309
10.837,19.42702675
10.8372,19.48802567
10.8374,19.57952309
10.8376,19.48802567
10.8378,19.51852608
10.838,19.57952309
10.8382,19.6100235
10.8384,19.57952309
10.8386,19.48802567
10.8388,19.57952309
10.839,19.640522
10.8392,19.45752716
10.8394,19.45752716
10.8396,19.57952309
10.8398,19.54902458
10.84,19.45752716
10.8402,19.51852608
10.8404,19.67102242
10.8406,19.54902458
10.8408,19.42702675
10.841,19.54902458
10.8412,19.6100235
10.8414,19.54902458
10.8416,19.51852608
10.8418,19.57952309
10.842,19.51852608
10.8422,19.45752716
10.8424,19.51852608
10.8426,19.6100235
10.8428,19.48802567
10.843,19.51852608
10.8432,19.57952309
10.8434,19.57952309
10.8436,19.48802567
10.8438,19.51852608
10.844,19.54902458
10.8442,19.640522
10.8444,19.45752716
10.8446,19.45752716
10.8448,19.640522
10.845,19.54902458
10.8452,19.45752716
10.8454,19.57952309
10.8456,19.640522
10.8458,19.51852608
10.846,19.51852608
10.8462,19.6100235
10.8464,19.48802567
10.8466,19.54902458
10.8468,19.51852608
10.847,19.54902458
10.8472,19.54902458
10.8474,19.48802567
10.8476,19.51852608
10.8478,19.6100235
10.848,19.51852608
10.8482,19.48802567
10.8484,19.6100235
10.8486,19.57952309
10.8488,19.51852608
10.849,19.51852608
10.8492,19.57952309
10.8494,19.51852608
10.8496,19.48802567
10.8498,19.54902458
10.85,19.6100235
10.8502,19.51852608
10.8504,19.45752716
10.8506,19.6100235
10.8508,19.54902458
10.851,19.42702675
10.8512,19.48802567
10.8514,19.51852608
10.8516,19.51852608
10.8518,19.45752716
10.852,19.48802567
10.8522,19.54902458
10.8524,19.48802567
10.8526,19.42702675
10.8528,19.51852608
10.853,19.6100235
10.8532,19.51852608
10.8534,19.42702675
10.8536,19.640522
10.8538,19.57952309
10.854,19.48802567
10.8542,19.51852608
10.8544,19.54902458
10.8546,19.54902458
10.8548,19.45752716
10.855,19.6100235
10.8552,19.54902458
10.8554,19.48802567
10.8556,19.48802567
10.8558,19.51852608
10.856,19.54902458
10.8562,19.51852608
10.8564,19.45752716
10.8566,19.47277641
10.8568,19.48802567
10.857,19.48802567
10.8572,19.6100235
10.8574,19.54902458
10.8576,19.54902458
10.8578,19.54902458
10.858,19.57952309
10.8582,19.57952309
10.8584,19.42702675
10.8586,19.48802567
10.8588,19.51852608
10.859,19.54902458
10.8592,19.51852608
10.8594,19.57952309
10.8596,19.57952309
10.8598,19.51852608
10.86,19.51852608
10.8602,19.57952309
10.8604,19.54902458
10.8606,19.51852608
10.8608,19.48802567
10.861,19.54902458
10.8612,19.6100235
10.8614,19.48802567
10.8616,19.57952309
10.8618,19.57952309
10.862,19.51852608
10.8622,19.48802567
10.8624,19.51852608
10.8626,19.640522
10.8628,19.51852608
10.863,19.51852608
10.8632,19.54902458
10.8634,19.54902458
10.8636,19.48802567
10.8638,19.48802567
10.864,19.640522
10.8642,19.54902458
10.8644,19.42702675
10.8646,19.6100235
10.8648,19.57952309
10.865,19.54902458
10.8652,19.51852608
10.8654,19.6100235
10.8656,19.57952309
10.8658,19.48802567
10.866,19.51852608
10.8662,19.57952309
10.8664,19.54902458
10.8666,19.48802567
10.8668,19.54902458
10.867,19.6100235
10.8672,19.54902458
10.8674,19.42702675
10.8676,19.6100235
10.8678,19.640522
10.868,19.45752716
10.8682,19.51852608
10.8684,19.6100235
10.8686,19.54902458
10.8688,19.45752716
10.869,19.51852608
10.8692,19.6100235
10.8694,19.51852608
10.8696,19.51852608
10.8698,19.57952309
10.87,19.6100235
10.8702,19.48802567
10.8704,19.51852608
10.8706,19.640522
10.8708,19.48802567
10.871,19.45752716
10.8712,19.54902458
10.8714,19.57952309
10.8716,19.54902458
10.8718,19.57952309
10.872,19.57952309
10.8722,19.67102242
10.8724,19.51852608
10.8726,19.51852608
10.8728,19.6100235
10.873,19.6100235
10.8732,19.51852608
10.8734,19.51852608
10.8736,19.6100235
10.8738,19.51852608
10.874,19.48802567
10.8742,19.57952309
10.8744,19.45752716
10.8746,19.48802567
10.8748,19.51852608
10.875,19.54902458
10.8752,19.6100235
10.8754,19.54902458
10.8756,19.54902458
10.8758,19.640522
10.876,19.57952309
10.8762,19.45752716
10.8764,19.640522
10.8766,19.6100235
10.8768,19.51852608
10.877,19.45752716
10.8772,19.57952309
10.8774,19.6100235
10.8776,19.51852608
10.8778,19.51852608
10.878,19.6100235
10.8782,19.6100235
10.8784,19.48802567
10.8786,19.54902458
10.8788,19.640522
10.879,19.45752716
10.8792,19.54902458
10.8794,19.54902458
10.8796,19.57952309
10.8798,19.51852608
10.88,19.48802567
10.8802,19.6100235
10.8804,19.67102242
10.8806,19.54902458
10.8808,19.54902458
10.881,19.640522
10.8812,19.48802567
10.8814,19.48802567
10.8816,19.57952309
10.8818,19.6100235
10.882,19.51852608
10.8822,19.51852608
10.8824,19.54902458
10.8826,19.57952309
10.8828,19.51852608
10.883,19.54902458
10.8832,19.6100235
10.8834,19.54902458
10.8836,19.48802567
10.8838,19.6100235
10.884,19.6100235
10.8842,19.45752716
10.8844,19.39652824
10.8846,19.6100235
10.8848,19.640522
10.885,19.51852608
10.8852,19.54902458
10.8854,19.51852608
10.8856,19.54902458
10.8858,19.51852608
10.886,19.51852608
10.8862,19.6100235
10.8864,19.36602974
10.8866,19.42702675
10.8868,19.640522
10.887,19.6100235
10.8872,19.45752716
10.8874,19.42702675
10.8876,19.57952309
10.8878,19.54902458
10.888,19.48802567
10.8882,19.54902458
10.8884,19.51852608
10.8886,19.51852608
10.8888,19.48802567
10.889,19.57952309
10.8892,19.6100235
10.8894,19.45752716
10.8896,19.54902458
10.8898,19.70152092
10.89,19.51852608
10.8902,19.48802567
10.8904,19.57952309
10.8906,19.54902458
10.8908,19.54902458
10.891,19.54902458
10.8912,19.54902458
10.8914,19.57952309
10.8916,19.48802567
10.8918,19.45752716
10.892,19.67102242
10.8922,19.6100235
10.8924,19.59477329
10.8926,19.57952309
10.8928,19.57952309
10.893,19.48802567
10.8932,19.51852608
10.8934,19.48802567
10.8936,19.640522
10.8938,19.54902458
10.894,19.51852608
10.8942,19.6100235
10.8944,19.54902458
10.8946,19.48802567
10.8948,19.54902458
10.895,19.51852608
10.8952,19.57952309
10.8954,19.48802567
10.8956,19.57952309
10.8958,19.57952309
10.896,19.51852608
10.8962,19.42702675
10.8964,19.67102242
10.8966,19.54902458
10.8968,19.51852608
10.897,19.51852608
10.8972,19.54902458
10.8974,19.6100235
10.8976,19.45752716
10.8978,19.57952309
10.898,19.640522
10.8982,19.45752716
10.8984,19.51852608
10.8986,19.57952309
10.8988,19.51852608
10.899,19.48802567
10.8992,19.57952309
10.8994,19.640522
10.8996,19.57952309
10.8998,19.45752716
10.9,19.51852608
10.9002,19.57952309
10.9004,19.6100235
10.9006,19.48802567
10.9008,19.54902458
10.901,19.54902458
10.9012,19.48802567
10.9014,19.54902458
10.9016,19.57952309
10.9018,19.54902458
10.902,19.42702675
10.9022,19.48802567
10.9024,19.47277641
10.9026,19.45752716
10.9028,19.45752716
10.903,19.57952309
10.9032,19.640522
10.9034,19.54902458
10.9036,19.54902458
10.9038,19.640522
10.904,19.51852608
10.9042,19.48802567
10.9044,19.6100235
10.9046,19.57952309
10.9048,19.54902458
10.905,19.48802567
10.9052,19.54902458
10.9054,19.70152092
10.9056,19.54902458
10.9058,19.48802567
10.906,19.54902458
10.9062,19.640522
10.9064,19.57952309
10.9066,19.42702675
10.9068,19.640522
10.907,19.54902458
10.9072,19.54902458
10.9074,19.67102242
10.9076,19.54902458
10.9078,19.54902458
10.908,19.54902458
10.9082,19.54902458
10.9084,19.640522
10.9086,19.48802567
10.9088,19.51852608
10.909,19.6100235
10.9092,19.6100235
10.9094,19.54902458
10.9096,19.6100235
10.9098,19.640522
10.91,19.48802567
10.9102,19.54902458
10.9104,19.640522
10.9106,19.6100235
10.9108,19.51852608
10.911,19.48802567
10.9112,19.640522
10.9114,19.70152092
10.9116,19.45752716
10.9118,19.54902458
10.912,19.640522
10.9122,19.48802567
10.9124,19.6100235
10.9126,19.57952309
10.9128,19.57952309
10.913,19.54902458
10.9132,19.54902458
10.9134,19.640522
10.9136,19.57952309
10.9138,19.54902458
10.914,19.54902458
10.9142,19.640522
10.9144,19.54902458
10.9146,19.48802567
10.9148,19.6100235
10.915,19.6100235
10.9152,19.54902458
10.9154,19.57952309
10.9156,19.57952309
10.9158,19.57952309
10.916,19.45752716
10.9162,19.51852608
10.9164,19.640522
10.9166,19.57952309
10.9168,19.48802567
10.917,19.6100235
10.9172,19.67102242
10.9174,19.45752716
10.9176,19.54902458
10.9178,19.640522
10.918,19.57952309
10.9182,19.48802567
10.9184,19.54902458
10.9186,19.57952309
10.9188,19.54902458
10.919,19.57952309
10.9192,19.51852608
10.9194,19.57952309
10.9196,19.6100235
10.9198,19.51852608
10.92,19.57952309
10.9202,19.70152092
10.9204,19.48802567
10.9206,19.51852608
10.9208,19.67102242
10.921,19.51852608
10.9212,19.51852608
10.9214,19.51852608
10.9216,19.6100235
10.9218,19.54902458
10.922,19.48802567
10.9222,19.57952309
10.9224,19.6100235
10.9226,19.51852608
10.9228,19.51852608
10.923,19.67102242
10.9232,19.57952309
10.9234,19.51852608
10.9236,19.54902458
10.9238,19.6100235
10.924,19.51852608
10.9242,19.54902458
10.9244,19.57952309
10.9246,19.67102242
10.9248,19.57952309
10.925,19.54902458
10.9252,19.6100235
10.9254,19.51852608
10.9256,19.48802567
10.9258,19.6100235
10.926,19.70152092
10.9262,19.54902458
10.9264,19.51852608
10.9266,19.57952309
10.9268,19.640522
10.927,19.51852608
10.9272,19.51852608
10.9274,19.54902458
10.9276,19.54902458
10.9278,19.54902458
10.928,19.51852608
10.9282,19.640522
10.9284,19.640522
10.9286,19.51852608
10.9288,19.57952309
10.929,19.6100235
10.9292,19.45752716
10.9294,19.45752716
10.9296,19.6100235
10.9298,19.51852608
10.93,19.57952309
10.9302,19.51852608
10.9304,19.6100235
10.9306,19.6100235
10.9308,19.45752716
10.931,19.57952309
10.9312,19.56427383
10.9314,19.54902458
10.9316,19.51852608
10.9318,19.640522
10.932,19.6100235
10.9322,19.57952309
10.9324,19.57952309
10.9326,19.54902458
10.9328,19.640522
10.933,19.54902458
10.9332,19.45752716
10.9334,19.51852512
10.9336,19.57952309
10.9338,19.45752716
10.934,19.70152092
10.9342,19.640522
10.9344,19.6100235
10.9346,19.54902458
10.9348,19.54902458
10.935,19.57952309
10.9352,19.51852608
10.9354,19.640522
10.9356,19.57952309
10.9358,19.57952309
10.936,19.51852608
10.9362,19.67102242
10.9364,19.73202133
10.9366,19.51852608
10.9368,19.51852608
10.937,19.640522
10.9372,19.640522
10.9374,19.6100235
10.9376,19.54902458
10.9378,19.6100235
10.938,19.57952309
10.9382,19.51852608
10.9384,19.640522
10.9386,19.67102242
10.9388,19.6100235
10.939,19.48802567
10.9392,19.57952309
10.9394,19.54902458
10.9396,19.51852608
10.9398,19.6100235
10.94,19.640522
10.9402,19.57952309
10.9404,19.6100235
10.9406,19.67102242
10.9408,19.57952309
10.941,19.54902458
10.9412,19.51852608
10.9414,19.73202133
10.9416,19.640522
10.9418,19.54902458
10.942,19.51852608
10.9422,19.67102242
10.9424,19.54902458
10.9426,19.51852608
10.9428,19.640522
10.943,19.640522
10.9432,19.6100235
10.9434,19.51852608
10.9436,19.6100235
10.9438,19.73202133
10.944,19.51852608
10.9442,19.54902458
10.9444,19.48802567
10.9446,19.67102242
10.9448,19.54902458
10.945,19.6100235
10.9452,19.640522
10.9454,19.48802567
10.9456,19.54902458
10.9458,19.640522
10.946,19.57952309
10.9462,19.54902458
10.9464,19.45752716
10.9466,19.6100235
10.9468,19.640522
10.947,19.51852608
10.9472,19.57952309
10.9474,19.57952309
10.9476,19.640522
10.9478,19.51852608
10.948,19.640522
10.9482,19.67102242
10.9484,19.45752716
10.9486,19.51852608
10.9488,19.67102242
10.949,19.640522
10.9492,19.45752716
10.9494,19.51852608
10.9496,19.67102242
10.9498,19.67102242
10.95,19.57952309
10.9502,19.6100235
10.9504,19.54902458
10.9506,19.57952309
10.9508,19.51852608
10.951,19.640522
10.9512,19.6100235
10.9514,19.54902458
10.9516,19.6100235
10.9518,19.70152092
10.952,19.6100235
10.9522,19.6100235
10.9524,19.48802567
10.9526,19.640522
10.9528,19.57952309
10.953,19.48802567
10.9532,19.67102242
10.9534,19.67102242
10.9536,19.57952309
10.9538,19.57952309
10.954,19.6100235
10.9542,19.6100235
10.9544,19.45752716
10.9546,19.54902458
10.9548,19.640522
10.955,19.6100235
10.9552,19.54902458
10.9554,19.70152092
10.9556,19.640522
10.9558,19.54902458
10.956,19.57952309
10.9562,19.67102242
10.9564,19.73202133
10.9566,19.640522
10.9568,19.6100235
10.957,19.67102242
10.9572,19.640522
10.9574,19.67102242
10.9576,19.640522
10.9578,19.73202133
10.958,19.57952309
10.9582,19.54902458
10.9584,19.79301834
10.9586,19.70152092
10.9588,19.6100235
10.959,19.57952309
10.9592,19.70152092
10.9594,19.76251984
10.9596,19.6100235
10.9598,19.6100235
10.96,19.640522
10.9602,19.6100235
10.9604,19.67102242
10.9606,19.67102242
10.9608,19.70152092
10.961,19.6100235
10.9612,19.48802567
10.9614,19.70152092
10.9616,19.6100235
10.9618,19.57952309
10.962,19.640522
10.9622,19.73202133
10.9624,19.6100235
10.9626,19.6100235
10.9628,19.640522
10.963,19.70152092
10.9632,19.57952309
10.9634,19.6100235
10.9636,19.73202133
10.9638,19.73202133
10.964,19.640522
10.9642,19.6100235
10.9644,19.67102242
10.9646,19.640522
10.9648,19.6100235
10.965,19.67102242
10.9652,19.6100235
10.9654,19.57952309
10.9656,19.73202133
10.9658,19.640522
10.966,19.640522
10.9662,19.6100235
10.9664,19.67102242
10.9666,19.73202133
10.9668,19.640522
10.967,19.67102242
10.9672,19.73202133
10.9674,19.70152092
10.9676,19.51852608
10.9678,19.57952309
10.968,19.640522
10.9682,19.76251984
10.9684,19.79301834
10.9686,19.640522
10.9688,19.73202133
10.969,19.57952309
10.9692,19.6100235
10.9694,19.76251984
10.9696,19.76251984
10.9698,19.640522
10.97,19.6100235
10.9702,19.70152092
10.9704,19.82351875
10.9706,19.6100235
10.9708,19.67102242
10.971,19.70152092
10.9712,19.73202133
10.9714,19.73202133
10.9716,19.6100235
10.9718,19.67102242
10.972,19.6100235
10.9722,19.57952309
10.9724,19.73202133
10.9726,19.67102242
10.9728,19.67102242
10.973,19.70152092
10.9732,19.76251984
10.9734,19.79301834
10.9736,19.6100235
10.9738,19.70152092
10.974,19.73202133
10.9742,19.67102242
10.9744,19.67102242
10.9746,19.67102242
10.9748,19.73202133
10.975,19.640522
10.9752,19.6100235
10.9754,19.64052296
10.9756,19.67102242
10.9758,19.6100235
10.976,19.73202133
10.9762,19.73202133
10.9764,19.67102242
10.9766,19.6100235
10.9768,19.70152092
10.977,19.76251984
10.9772,19.640522
10.9774,19.48802567
10.9776,19.73202133
10.9778,19.76251984
10.978,19.57952309
10.9782,19.640522
10.9784,19.70152092
10.9786,19.67102242
10.9788,19.70152092
10.979,19.70152092
10.9792,19.73202133
10.9794,19.67102242
10.9796,19.67102242
10.9798,19.73202133
10.98,19.73202133
10.9802,19.640522
10.9804,19.68627167
10.9806,19.73202133
10.9808,19.73202133
10.981,19.640522
10.9812,19.73202133
10.9814,19.51852608
10.9816,19.57952309
10.9818,19.640522
10.982,19.82351875
10.9822,19.79301834
10.9824,19.79301834
10.9826,19.70152092
10.9828,19.73202133
10.983,19.73202133
10.9832,19.640522
10.9834,19.73202133
10.9836,19.76251984
10.9838,19.640522
10.984,19.6100235
10.9842,19.76251984
10.9844,19.88451767
10.9846,19.73202133
10.9848,19.70152092
10.985,19.70152092
10.9852,19.73202133
10.9854,19.68627167
10.9856,19.640522
10.9858,19.76251984
10.986,19.67102242
10.9862,19.6100235
10.9864,19.79301834
10.9866,19.76251984
10.9868,19.67102242
10.987,19.640522
10.9872,19.79301834
10.9874,19.85401726
10.9876,19.70152092
10.9878,19.640522
10.988,19.73202133
10.9882,19.76251984
10.9884,19.73202133
10.9886,19.73202133
10.9888,19.76251984
10.989,19.67102242
10.9892,19.73202133
10.9894,19.70152092
10.9896,19.76251984
10.9898,19.67102242
10.99,19.640522
10.9902,19.640522
10.9904,19.640522
10.9906,19.640522
10.9908,19.73202133
10.991,19.79301834
10.9912,19.640522
10.9914,19.70152092
10.9916,19.73202133
10.9918,19.76251984
10.992,19.67102242
10.9922,19.67102242
10.9924,19.79301834
10.9926,19.70152092
10.9928,19.6100235
10.993,19.67102242
10.9932,19.73202133
10.9934,19.79301834
10.9936,19.82351875
10.9938,19.82351875
10.994,19.76251984
10.9942,19.67102242
10.9944,19.73202038
10.9946,19.79301834
10.9948,19.79301834
10.995,19.640522
10.9952,19.73202133
10.9954,19.71677113
10.9956,19.70152092
10.9958,19.70152092
10.996,19.73202133
10.9962,19.79301834
10.9964,19.74726963
10.9966,19.70152092
10.9968,19.79301834
10.997,19.91501617
10.9972,19.89976692
10.9974,19.88451767
10.9976,19.82351875
10.9978,19.70152092
10.998,19.67102242
10.9982,19.79301834
10.9984,19.74726963
10.9986,19.70152092
10.9988,19.70152092
10.999,19.70152092
10.9992,19.76251984
10.9994,19.76251984
10.9996,19.70152092
10.9998,19.79301834
11,19.70152092
11.0002,19.640522
11.0004,19.76251984
11.0006,19.79301834
11.0008,19.70152092
11.001,19.67102242
11.0012,19.76251984
11.0014,19.73202038
11.0016,19.70152092
11.0018,19.70152092
11.002,19.85401726
11.0022,19.67102242
11.0024,19.57952309
11.0026,19.73202133
11.0028,19.88451767
11.003,19.76251984
11.0032,19.70152092
11.0034,19.6100235
11.0036,19.82351875
11.0038,19.70152092
11.004,19.73202133
11.0042,19.73202133
11.0044,19.73202133
11.0046,19.73202133
11.0048,19.70152092
11.005,19.82351875
11.0052,19.76251984
11.0054,19.77776909
11.0056,19.79301834
11.0058,19.85401726
11.006,19.73202133
11.0062,19.73202133
11.0064,19.73202133
11.0066,19.73202133
11.0068,19.70152092
11.007,19.76251984
11.0072,19.79301834
11.0074,19.70152092
11.0076,19.70152092
11.0078,19.79301834
11.008,19.88451767
11.0082,19.8641847
11.0084,19.84385173
11.0086,19.82351875
11.0088,19.79301834
11.009,19.70152092
11.0092,19.76251984
11.0094,19.67102242
11.0096,19.82351875
11.0098,19.73202133
11.01,19.76251984
11.0102,19.85401726
11.0104,19.77776909
11.0106,19.70152092
11.0108,19.82351875
11.011,19.79301834
11.0112,19.70152092
11.0114,19.77776909
11.0116,19.85401726
11.0118,19.70152092
11.012,19.73202133
11.0122,19.82351875
11.0124,19.6100235
11.0126,19.76251984
11.0128,19.73202133
11.013,19.82351875
11.0132,19.85401726
11.0134,19.8235178
11.0136,19.79301834
11.0138,19.85401726
11.014,19.79301834
11.0142,19.73202133
11.0144,19.82351875
11.0146,19.91501617
11.0148,19.76251984
11.015,19.73202133
11.0152,19.79301834
11.0154,19.79301834
11.0156,19.79301834
11.0158,19.67102242
11.016,19.79301834
11.0162,19.85401726
11.0164,19.97601509
11.0166,19.76251984
11.0168,19.91501617
11.017,19.76251984
11.0172,19.76251984
11.0174,19.74727058
11.0176,19.73202133
11.0178,19.76251984
11.018,19.79301834
11.0182,19.85401726
11.0184,19.88451767
11.0186,19.73202133
11.0188,19.76251984
11.019,19.88451767
11.0192,19.85401726
11.0194,19.79301834
11.0196,19.85401726
11.0198,19.85401726
11.02,19.70152092
11.0202,19.79301834
11.0204,19.79301834
11.0206,19.79301834
11.0208,19.79301834
11.021,19.73202133
11.0212,19.79301834
11.0214,19.80826855
11.0216,19.82351875
11.0218,19.85401726
11.022,19.88451767
11.0222,19.79301834
11.0224,19.80826855
11.0226,19.82351875
11.0228,19.82351875
11.023,19.79301834
11.0232,19.82351875
11.0234,19.67102242
11.0236,19.85401726
11.0238,19.82351875
11.024,19.82351875
11.0242,19.85401726
11.0244,19.73202133
11.0246,19.73202133
11.0248,19.85401726
11.025,19.82351875
11.0252,19.73202133
11.0254,19.77777004
11.0256,19.82351875
11.0258,19.73202133
11.026,19.73202133
11.0262,19.85401726
11.0264,19.8235178
11.0266,19.79301834
11.0268,19.79301834
11.027,19.85401726
11.0272,19.85401726
11.0274,19.82351875
11.0276,19.67102242
11.0278,19.88451767
11.028,19.79301834
11.0282,19.76251984
11.0284,19.80826855
11.0286,19.85401726
11.0288,19.79301834
11.029,19.82351875
11.0292,19.82351875
11.0294,19.73202133
11.0296,19.79301834
11.0298,19.76251984
11.03,19.85401726
11.0302,19.88451767
11.0304,19.79301834
11.0306,19.82351875
11.0308,19.88451767
11.031,19.73202133
11.0312,19.79301834
11.0314,19.97601509
11.0316,19.85401726
11.0318,19.91501617
11.032,19.79301834
11.0322,19.82351875
11.0324,19.80826855
11.0326,19.79301834
11.0328,19.79301834
11.033,19.82351875
11.0332,19.85401726
11.0334,19.85401726
11.0336,19.85401726
11.0338,19.88451767
11.034,19.82351875
11.0342,19.76251984
11.0344,19.83876801
11.0346,19.91501617
11.0348,19.79301834
11.035,19.76251984
11.0352,19.88451767
11.0354,19.83876801
11.0356,19.79301834
11.0358,19.79301834
11.036,19.88451767
11.0362,19.79301834
11.0364,19.8235178
11.0366,19.85401726
11.0368,19.88451767
11.037,19.79301834
11.0372,19.82351875
11.0374,19.70152092
11.0376,19.88451767
11.0378,19.82351875
11.038,19.79301834
11.0382,19.91501617
11.0384,19.82351875
11.0386,19.73202133
11.0388,19.88451767
11.039,19.85401726
11.0392,19.73202133
11.0394,19.82351875
11.0396,19.91501617
11.0398,19.88451767
11.04,19.85401726
11.0402,19.79301834
11.0404,19.83876801
11.0406,19.88451767
11.0408,19.76251984
11.041,19.85401726
11.0412,19.94551659
11.0414,19.86926746
11.0416,19.79301834
11.0418,19.88451767
11.042,19.91501617
11.0422,19.94551659
11.0424,19.91501713
11.0426,19.88451767
11.0428,19.91501617
11.043,19.79301834
11.0432,19.79301834
11.0434,19.8235178
11.0436,19.85401726
11.0438,19.76251984
11.044,19.97601509
11.0442,19.88451767
11.0444,19.85401821
11.0446,19.82351875
11.0448,19.91501617
11.045,19.85401726
11.0452,19.79301834
11.0454,19.85401726
11.0456,19.91501617
11.0458,19.88451767
11.046,19.82351875
11.0462,19.88451767
11.0464,19.82351875
11.0466,19.76251984
11.0468,19.82351875
11.047,19.94551659
11.0472,19.97601509
11.0474,19.93026638
11.0476,19.88451767
11.0478,19.91501617
11.048,19.82351875
11.0482,19.82351875
11.0484,19.89976692
11.0486,19.97601509
11.0488,19.88451767
11.049,19.85401726
11.0492,19.94551659
11.0494,20.06751251
11.0496,19.82351875
11.0498,19.82351875
11.05,19.88451767
11.0502,19.79301834
11.0504,19.67102242
11.0506,19.94551659
11.0508,19.88451767
11.051,19.85401726
11.0512,19.88451767
11.0514,19.91501617
11.0516,19.97601509
11.0518,19.85401726
11.052,19.85401726
11.0522,19.94551659
11.0524,19.88451767
11.0526,19.82351875
11.0528,19.94551659
11.053,19.94551659
11.0532,19.85401726
11.0534,19.88451672
11.0536,19.91501617
11.0538,19.94551659
11.054,19.88451767
11.0542,19.85401726
11.0544,19.88451672
11.0546,19.91501617
11.0548,19.85401726
11.055,19.85401726
11.0552,19.94551659
11.0554,19.89976692
11.0556,19.85401726
11.0558,19.94551659
11.056,20.0065136
11.0562,19.88451767
11.0564,19.91501713
11.0566,19.94551659
11.0568,19.91501617
11.057,19.94551659
11.0572,19.88451767
11.0574,19.88451767
11.0576,19.88451767
11.0578,19.82351875
11.058,20.0065136
11.0582,19.94551659
11.0584,19.96584892
11.0586,19.98618126
11.0588,20.0065136
11.059,19.88451767
11.0592,19.85401726
11.0594,19.86926746
11.0596,19.88451767
11.0598,19.88451767
11.06,19.85401726
11.0602,19.91501617
11.0604,19.88451672
11.0606,19.85401726
11.0608,19.82351875
11.061,19.97601509
11.0612,19.94551659
11.0614,19.91501617
11.0616,19.85401726
11.0618,19.91501617
11.062,19.88451767
11.0622,19.88451767
11.0624,19.91501713
11.0626,19.94551659
11.0628,19.94551659
11.063,19.91501617
11.0632,20.0065136
11.0634,19.97601509
11.0636,19.88451767
11.0638,19.85401726
11.064,20.0065136
11.0642,19.91501617
11.0644,19.85401726
11.0646,19.88451767
11.0648,19.91501617
11.065,19.85401726
11.0652,19.85401726
11.0654,19.91501617
11.0656,19.97601509
11.0658,19.88451767
11.066,19.82351875
11.0662,19.88451767
11.0664,19.88451767
11.0666,19.85401726
11.0668,19.91501617
11.067,19.94551659
11.0672,19.82351875
11.0674,19.82351875
11.0676,19.88451767
11.0678,19.91501617
11.068,19.88451767
11.0682,19.88451767
11.0684,19.88451767
11.0686,19.94551659
11.0688,19.85401726
11.069,19.82351875
11.0692,19.97601509
11.0694,19.88451767
11.0696,19.88451767
11.0698,19.91501617
11.07,19.88451767
11.0702,19.85401726
11.0704,19.85401726
11.0706,19.88451767
11.0708,19.91501617
11.071,19.85401726
11.0712,19.82351875
11.0714,19.97601509
11.0716,19.88451767
11.0718,19.82351875
11.072,19.88451767
11.0722,19.94551659
11.0724,19.82351875
11.0726,19.85401726
11.0728,19.91501617
11.073,19.91501617
11.0732,19.85401726
11.0734,19.82351875
11.0736,19.94551659
11.0738,19.94551659
11.074,19.88451767
11.0742,19.85401726
11.0744,19.83876801
11.0746,19.82351875
11.0748,19.82351875
11.075,19.88451767
11.0752,19.91501617
11.0754,19.82351875
11.0756,19.82351875
11.0758,19.88451767
11.076,19.88451767
11.0762,19.85401726
11.0764,19.85401726
11.0766,19.91501617
11.0768,19.88451767
11.077,19.82351875
11.0772,19.85401726
11.0774,19.91501617
11.0776,19.79301834
11.0778,19.79301834
11.078,19.91501617
11.0782,19.82351875
11.0784,19.79301834
11.0786,19.91501617
11.0788,19.91501617
11.079,19.91501617
11.0792,19.85401726
11.0794,19.85401726
11.0796,19.88451767
11.0798,19.82351875
11.08,19.85401821
11.0802,19.88451767
11.0804,20.0065136
11.0806,19.79301834
11.0808,19.88451767
11.081,19.94551659
11.0812,19.85401726
11.0814,19.82351875
11.0816,19.85401726
11.0818,19.88451767
11.082,19.85401726
11.0822,19.85401726
11.0824,19.94551659
11.0826,19.94551659
11.0828,19.79301834
11.083,19.85401726
11.0832,19.97601509
11.0834,19.91501617
11.0836,19.91501617
11.0838,19.88451767
11.084,19.91501617
11.0842,19.85401726
11.0844,19.82351875
11.0846,19.97601509
11.0848,19.97601509
11.085,19.79301834
11.0852,19.79301834
11.0854,19.97601509
11.0856,19.91501617
11.0858,19.85401726
11.086,19.88451767
11.0862,20.0065136
11.0864,19.88451767
11.0866,19.85401726
11.0868,19.91501617
11.087,20.0065136
11.0872,19.76251984
11.0874,19.85401726
11.0876,19.91501617
11.0878,19.94551659
11.088,19.88451767
11.0882,19.88451767
11.0884,19.88451767
11.0886,19.91501617
11.0888,19.85401726
11.089,19.94551659
11.0892,19.82351875
11.0894,19.79301834
11.0896,19.91501617
11.0898,19.91501617
11.09,19.94551659
11.0902,19.91501617
11.0904,19.88451767
11.0906,19.97601509
11.0908,19.97601509
11.091,19.88451767
11.0912,19.94551659
11.0914,20.03701401
11.0916,19.79301834
11.0918,19.85401726
11.092,20.0065136
11.0922,19.88451767
11.0924,19.91501617
11.0926,19.91501617
11.0928,19.88451767
11.093,20.0065136
11.0932,19.88451767
11.0934,19.82351875
11.0936,20.03701401
11.0938,19.91501617
11.094,19.88451767
11.0942,19.97601509
11.0944,20.0065136
11.0946,19.91501617
11.0948,19.91501617
11.095,19.97601509
11.0952,19.97601509
11.0954,19.94551659
11.0956,19.97601509
11.0958,20.0065136
11.096,19.97601509
11.0962,19.94551659
11.0964,20.0065136
11.0966,19.94551659
11.0968,19.91501617
11.097,19.94551659
11.0972,20.0065136
11.0974,19.97601509
11.0976,19.88451767
11.0978,19.97601509
11.098,20.03701401
11.0982,19.91501617
11.0984,19.94551659
11.0986,19.94551659
11.0988,20.03701401
11.099,19.94551659
11.0992,19.88451767
11.0994,20.03701401
11.0996,20.06751251
11.0998,19.97601509
11.1,19.97601509
11.1002,20.06751251
11.1004,19.94551659
11.1006,19.94551659
11.1008,19.91501617
11.101,20.0065136
11.1012,19.97601509
11.1014,19.97601509
11.1016,20.03701401
11.1018,20.03701401
11.102,19.94551659
11.1022,19.94551659
11.1024,20.09801292
11.1026,20.0065136
11.1028,19.91501617
11.103,20.03701401
11.1032,19.97601509
11.1034,20.0065136
11.1036,19.94551659
11.1038,20.0065136
11.104,20.03701401
11.1042,19.94551659
11.1044,19.91501617
11.1046,20.09801292
11.1048,20.0065136
11.105,19.91501617
11.1052,20.0065136
11.1054,20.03701401
11.1056,19.91501617
11.1058,20.0065136
11.106,20.06751251
11.1062,20.06751251
11.1064,19.94551659
11.1066,19.94551659
11.1068,20.03701401
11.107,20.09801292
11.1072,19.97601509
11.1074,19.97601509
11.1076,20.09801292
11.1078,19.97601509
11.108,19.97601509
11.1082,20.0065136
11.1084,20.03701401
11.1086,20.0065136
11.1088,20.0065136
11.109,20.0065136
11.1092,20.03701401
11.1094,19.97601509
11.1096,19.97601509
11.1098,20.03701401
11.11,20.06751251
11.1102,19.97601509
11.1104,20.0065136
11.1106,20.09801292
11.1108,19.94551659
11.111,19.91501617
11.1112,20.03701401
11.1114,20.03701401
11.1116,19.94551659
11.1118,20.0065136
11.112,20.03701401
11.1122,20.06751251
11.1124,19.97601509
11.1126,19.94551659
11.1128,20.15900993
11.113,20.0065136
11.1132,19.88451767
11.1134,20.06751251
11.1136,20.03701401
11.1138,19.88451767
11.114,20.03701401
11.1142,20.0065136
11.1144,20.06751251
11.1146,19.97601509
11.1148,20.0065136
11.115,20.06751251
11.1152,20.0065136
11.1154,19.97601509
11.1156,20.03701401
11.1158,20.0065136
11.116,19.94551659
11.1162,20.03701401
11.1164,20.03701401
11.1166,19.97601509
11.1168,19.97601509
11.117,20.0065136
11.1172,19.94551659
11.1174,20.0065136
11.1176,19.94551659
11.1178,19.97601509
11.118,20.06751251
11.1182,19.94551659
11.1184,19.91501617
11.1186,20.03701401
11.1188,20.06751251
11.119,19.91501617
11.1192,20.0065136
11.1194,20.03701401
11.1196,19.91501617
11.1198,19.94551659
11.12,19.97601509
11.1202,20.0065136
11.1204,19.94551659
11.1206,19.91501617
11.1208,19.97601509
11.121,19.97601509
11.1212,19.94551659
11.1214,19.94551659
11.1216,20.03701401
11.1218,19.94551659
11.122,19.91501617
11.1222,20.0065136
11.1224,19.97601509
11.1226,19.91501617
11.1228,19.94551659
11.123,19.97601509
11.1232,19.97601509
11.1234,19.94551659
11.1236,19.82351875
11.1238,20.06751251
11.124,19.94551659
11.1242,19.91501617
11.1244,19.97601509
11.1246,20.03701401
11.1248,19.85401726
11.125,19.91501617
11.1252,20.06751251
11.1254,19.94551659
11.1256,20.06751251
11.1258,19.91501617
11.126,20.0065136
11.1262,20.0065136
11.1264,19.85401726
11.1266,19.85401726
11.1268,20.09801292
11.127,19.94551659
11.1272,19.88451767
11.1274,19.97601509
11.1276,20.0065136
11.1278,19.91501617
11.128,19.91501617
11.1282,19.97601509
11.1284,20.0065136
11.1286,19.88451767
11.1288,19.88451767
11.129,19.97601509
11.1292,19.91501617
11.1294,19.88451767
11.1296,20.0065136
11.1298,20.03701401
11.13,19.91501617
11.1302,19.88451767
11.1304,20.03701401
11.1306,19.97601509
11.1308,19.85401726
11.131,19.91501617
11.1312,19.97601509
11.1314,19.88451767
11.1316,19.88451767
11.1318,19.88451767
11.132,19.94551659
11.1322,19.94551659
11.1324,19.79301834
11.1326,19.97601509
11.1328,20.0065136
11.133,19.88451767
11.1332,19.88451767
11.1334,20.0065136
11.1336,19.88451767
11.1338,19.88451767
11.134,19.88451767
11.1342,19.91501617
11.1344,19.88451767
11.1346,19.93026638
11.1348,19.97601509
11.135,20.0065136
11.1352,19.85401726
11.1354,19.88451767
11.1356,19.97601509
11.1358,19.88451767
11.136,19.88451767
11.1362,19.94551659
11.1364,20.0065136
11.1366,19.88451767
11.1368,19.88451767
11.137,19.97601509
11.1372,20.09801292
11.1374,19.88451767
11.1376,19.82351875
11.1378,19.97601509
11.138,19.88451767
11.1382,19.82351875
11.1384,19.88451767
11.1386,20.0065136
11.1388,19.88451767
11.139,19.88451767
11.1392,20.0065136
11.1394,20.0065136
11.1396,19.94551659
11.1398,19.88451767
11.14,19.94551659
11.1402,19.88451767
11.1404,19.91501617
11.1406,19.88451767
11.1408,20.0065136
11.141,19.91501617
11.1412,19.88451767
11.1414,19.94551659
11.1416,20.06751251
11.1418,19.85401726
11.142,19.88451767
11.1422,19.97601509
11.1424,19.88451767
11.1426,19.88451767
11.1428,19.88451767
11.143,19.97601509
11.1432,19.94551659
11.1434,19.85401726
11.1436,20.03701401
11.1438,20.06751251
11.144,19.85401726
11.1442,19.88451767
11.1444,20.0065136
11.1446,19.97601509
11.1448,19.88451767
11.145,19.94551659
11.1452,19.94551659
11.1454,19.91501617
11.1456,19.88451767
11.1458,19.94551659
11.146,20.06751251
11.1462,19.97601509
11.1464,19.88451767
11.1466,20.03701401
11.1468,19.97601509
11.147,19.85401726
11.1472,19.94551659
11.1474,19.91501617
11.1476,19.97601509
11.1478,19.97601509
11.148,19.94551659
11.1482,20.0065136
11.1484,19.91501617
11.1486,19.94551659
11.1488,20.0065136
11.149,20.03701401
11.1492,19.91501617
11.1494,19.94551659
11.1496,19.97601509
11.1498,19.97601509
11.15,19.94551659
11.1502,19.97601509
11.1504,20.03701401
11.1506,20.03701401
11.1508,19.85401726
11.151,20.0065136
11.1512,20.12851143
11.1514,19.94551659
11.1516,19.85401726
11.1518,20.03701401
11.152,20.03701401
11.1522,19.88451767
11.1524,19.97601509
11.1526,20.03701401
11.1528,20.0065136
11.153,19.97601509
11.1532,20.03701401
11.1534,20.0065136
11.1536,19.91501617
11.1538,20.0065136
11.154,20.03701401
11.1542,20.03701401
11.1544,19.94551659
11.1546,19.88451767
11.1548,20.06751251
11.155,19.94551659
11.1552,19.91501617
11.1554,20.06751251
11.1556,19.97601509
11.1558,19.94551659
11.156,20.0065136
11.1562,20.03701401
11.1564,20.06751251
11.1566,19.94551659
11.1568,19.94551659
11.157,20.03701401
11.1572,20.03701401
11.1574,19.94551659
11.1576,19.94551659
11.1578,20.06751251
11.158,19.94551659
11.1582,19.97601509
11.1584,20.06751251
11.1586,20.0065136
11.1588,20.0065136
11.159,19.97601509
11.1592,20.03701401
11.1594,20.03701401
11.1596,19.94551659
11.1598,20.0065136
11.16,20.03701401
11.1602,20.03701401
11.1604,19.94551659
11.1606,20.03701401
11.1608,20.0065136
11.161,20.0065136
11.1612,19.97601509
11.1614,20.06751251
11.1616,20.0065136
11.1618,19.94551659
11.162,19.97601509
11.1622,20.03701401
11.1624,20.0065136
11.1626,19.97601509
11.1628,20.03701401
11.163,20.09801292
11.1632,19.94551659
11.1634,20.0065136
11.1636,20.06751251
11.1638,20.06751251
11.164,19.97601509
11.1642,20.0065136
11.1644,20.09801292
11.1646,20.0065136
11.1648,20.0065136
11.165,20.0065136
11.1652,20.0065136
11.1654,20.0065136
11.1656,19.94551659
11.1658,20.09801292
11.166,20.09801292
11.1662,20.03701401
11.1664,20.0065136
11.1666,20.06751251
11.1668,19.97601509
11.167,20.09801292
11.1672,19.97601509
11.1674,20.06751251
11.1676,20.0065136
11.1678,20.03701401
11.168,20.03701401
11.1682,20.09801292
11.1684,19.94551659
11.1686,20.0065136
11.1688,20.09801292
11.169,20.0065136
11.1692,19.97601509
11.1694,19.97601509
11.1696,20.03701401
11.1698,20.03701401
11.17,20.0065136
11.1702,20.09801292
11.1704,20.15900993
11.1706,19.97601509
11.1708,19.94551659
11.171,20.03701401
11.1712,20.09801292
11.1714,19.94551659
11.1716,20.03701401
11.1718,20.06751251
11.172,19.97601509
11.1722,19.97601509
11.1724,20.03701401
11.1726,20.03701401
11.1728,19.97601509
11.173,19.94551659
11.1732,20.03701401
11.1734,20.03701401
11.1736,20.03701401
11.1738,19.97601509
11.174,20.0217638
11.1742,20.06751251
11.1744,19.97601509
11.1746,20.03701401
11.1748,20.06751251
11.175,19.94551659
11.1752,19.97601509
11.1754,20.09801292
11.1756,20.12851143
11.1758,20.0065136
11.176,19.97601509
11.1762,20.12851143
11.1764,20.09801292
11.1766,19.94551659
11.1768,20.0065136
11.177,20.09801292
11.1772,19.94551659
11.1774,19.97601509
11.1776,20.03701401
11.1778,20.06751251
11.178,20.0065136
11.1782,20.0065136
11.1784,20.03701401
11.1786,20.12851143
11.1788,19.94551659
11.179,20.0065136
11.1792,20.12851143
11.1794,19.97601509
11.1796,19.94551659
11.1798,20.06751251
11.18,20.15900993
11.1802,19.97601509
11.1804,20.0065136
11.1806,20.06751251
11.1808,20.06751251
11.181,19.97601509
11.1812,19.94551659
11.1814,20.09801292
11.1816,20.03701401
11.1818,20.0065136
11.182,20.09801292
11.1822,20.0065136
11.1824,19.97601509
11.1826,19.94551659
11.1828,20.06751251
11.183,20.12851143
11.1832,20.0065136
11.1834,19.97601509
11.1836,20.06751251
11.1838,20.06751251
11.184,19.97601509
11.1842,20.0065136
11.1844,20.09801292
11.1846,19.97601509
11.1848,19.94551659
11.185,20.0065136
11.1852,20.03701401
11.1854,20.0065136
11.1856,20.0065136
11.1858,20.03701401
11.186,20.0065136
11.1862,19.97601509
11.1864,20.0065136
11.1866,20.03701401
11.1868,19.97601509
11.187,20.03701401
11.1872,20.0065136
11.1874,20.03701401
11.1876,20.0065136
11.1878,19.91501617
11.188,20.15900993
11.1882,20.06751251
11.1884,20.0065136
11.1886,19.97601509
11.1888,20.0065136
11.189,19.94551659
11.1892,19.97601509
11.1894,20.03701401
11.1896,20.03701401
11.1898,20.0065136
11.19,19.88451767
11.1902,20.12851143
11.1904,19.97601509
11.1906,19.94551659
11.1908,20.0065136
11.191,20.03701401
11.1912,19.94551659
11.1914,19.94551659
11.1916,19.94551659
11.1918,20.0065136
11.192,19.94551659
11.1922,19.94551659
11.1924,20.06751251
11.1926,20.03701401
11.1928,19.97601509
11.193,19.91501617
11.1932,20.03701401
11.1934,20.0065136
11.1936,19.88451767
11.1938,19.97601509
11.194,20.03701401
11.1942,19.88451767
11.1944,20.0065136
11.1946,20.03701401
11.1948,20.06751251
11.195,19.94551659
11.1952,20.0065136
11.1954,20.03701401
11.1956,20.0065136
11.1958,20.0065136
11.196,19.97601509
11.1962,20.06751251
11.1964,19.94551659
11.1966,19.82351875
11.1968,20.0065136
11.197,20.06751251
11.1972,19.94551659
11.1974,19.94551659
11.1976,19.94551659
11.1978,20.03701401
11.198,19.94551659
11.1982,19.88451767
11.1984,20.06751251
11.1986,19.94551659
11.1988,19.88451767
11.199,20.03701401
11.1992,20.03701401
11.1994,20.03701401
11.1996,20.03701401
11.1998,20.03701401
11.2,19.97601509
11.2002,19.91501617
11.2004,19.91501617
11.2006,19.97601509
11.2008,19.91501617
11.201,19.94551659
11.2012,19.97601509
11.2014,20.03701401
11.2016,19.91501617
11.2018,19.94551659
11.202,20.06751251
11.2022,20.0065136
11.2024,19.88451767
11.2026,19.94551659
11.2028,19.97601509
11.203,19.91501617
11.2032,19.91501617
11.2034,19.94551659
11.2036,20.0065136
11.2038,19.94551659
11.204,19.94551659
11.2042,20.0065136
11.2044,20.0065136
11.2046,20.06751251
11.2048,19.94551659
11.205,20.0065136
11.2052,19.94551659
11.2054,19.94551659
11.2056,20.0065136
11.2058,19.94551659
11.206,19.94551659
11.2062,19.91501617
11.2064,20.0065136
11.2066,19.94551659
11.2068,19.88451767
11.207,19.88451767
11.2072,20.15900993
11.2074,20.03701401
11.2076,19.85401726
11.2078,19.97601509
11.208,20.09801292
11.2082,19.91501617
11.2084,19.94551659
11.2086,20.0065136
11.2088,20.06751251
11.209,19.94551659
11.2092,19.88451767
11.2094,20.03701401
11.2096,20.03701401
11.2098,19.82351875
11.21,19.97601509
11.2102,20.06751251
11.2104,19.94551659
11.2106,19.91501617
11.2108,19.97601509
11.211,19.97601509
11.2112,19.94551659
11.2114,19.94551659
11.2116,19.94551659
11.2118,20.0065136
11.212,19.85401726
11.2122,19.88451767
11.2124,20.03701401
11.2126,19.97601509
11.2128,19.85401726
11.213,20.0065136
11.2132,20.0065136
11.2134,19.97601509
11.2136,19.94551659
11.2138,20.03701401
11.214,19.97601509
11.2142,19.91501617
11.2144,19.91501617
11.2146,20.03701401
11.2148,19.97601509
11.215,19.85401726
11.2152,20.0065136
11.2154,20.06751251
11.2156,19.91501617
11.2158,19.91501617
11.216,20.03701401
11.2162,20.03701401
11.2164,19.91501617
11.2166,20.0065136
11.2168,20.03701401
11.217,20.0065136
11.2172,19.91501617
11.2174,19.97601509
11.2176,20.09801292
11.2178,20.0065136
11.218,19.91501617
11.2182,20.0065136
11.2184,20.06751251
11.2186,19.97601509
11.2188,19.97601509
11.219,20.12851143
11.2192,19.94551659
11.2194,19.97601509
11.2196,20.06751251
11.2198,20.0065136
11.22,20.03701401
11.2202,19.94551659
11.2204,19.94551659
11.2206,20.06751251
11.2208,19.97601509
11.221,19.94551659
11.2212,20.06751251
11.2214,19.97601509
11.2216,19.91501617
11.2218,19.97601509
11.222,20.03701401
11.2222,19.97601509
11.2224,20.03701401
11.2226,19.97601509
11.2228,20.06751251
11.223,19.88451767
11.2232,19.91501617
11.2234,20.12851143
11.2236,20.0065136
11.2238,20.03701401
11.224,20.0065136
11.2242,20.03701401
11.2244,19.91501617
11.2246,19.97601509
11.2248,20.0065136
11.225,20.06751251
11.2252,19.97601509
11.2254,19.94551659
11.2256,20.0065136
11.2258,19.97601509
11.226,19.94551659
11.2262,19.94551659
11.2264,19.97601509
11.2266,20.0065136
11.2268,19.91501617
11.227,20.06751251
11.2272,20.12851143
11.2274,19.94551659
11.2276,19.91501617
11.2278,20.03701401
11.228,20.0065136
11.2282,19.88451767
11.2284,19.94551659
11.2286,20.03701401
11.2288,20.06751251
11.229,19.91501617
11.2292,20.0065136
11.2294,20.09801292
11.2296,20.0065136
11.2298,19.94551659
11.23,20.06751251
11.2302,20.03701401
11.2304,20.0065136
11.2306,20.0065136
11.2308,19.94551659
11.231,20.06751251
11.2312,20.0065136
11.2314,19.94551659
11.2316,20.03701401
11.2318,19.97601509
11.232,19.94551659
11.2322,20.06751251
11.2324,20.0065136
11.2326,19.91501617
11.2328,20.03701401
11.233,20.03701401
11.2332,19.97601509
11.2334,19.97601509
11.2336,20.0065136
11.2338,20.06751251
11.234,19.97601509
11.2342,19.91501617
11.2344,20.0065136
11.2346,20.12851143
11.2348,19.97601509
11.235,19.91501617
11.2352,20.03701401
11.2354,20.0065136
11.2356,20.03701401
11.2358,19.94551659
11.236,20.03701401
11.2362,20.03701401
11.2364,19.97601509
11.2366,20.03701401
11.2368,20.03701401
11.237,19.97601509
11.2372,19.88451767
11.2374,19.94551659
11.2376,20.0065136
11.2378,19.91501617
11.238,19.94551659
11.2382,20.03701401
11.2384,19.97601509
11.2386,19.94551659
11.2388,19.94551659
11.239,19.94551659
11.2392,19.88451767
11.2394,19.94551659
11.2396,20.03701401
11.2398,20.0065136
11.24,19.94551659
11.2402,19.94551659
11.2404,20.09801292
11.2406,19.97601509
11.2408,19.88451767
11.241,19.97601509
11.2412,20.0065136
11.2414,19.94551659
11.2416,19.97601509
11.2418,20.0065136
11.242,20.03701401
11.2422,19.91501617
11.2424,19.85401726
11.2426,20.03701401
11.2428,20.09801292
11.243,19.85401726
11.2432,20.0065136
11.2434,20.0065136
11.2436,19.91501617
11.2438,19.97601509
11.244,20.03701401
11.2442,20.0065136
11.2444,19.91501617
11.2446,19.91501617
11.2448,19.94551659
11.245,20.03701401
11.2452,19.88451767
11.2454,19.91501617
11.2456,19.91501617
11.2458,19.91501617
11.246,19.91501617
11.2462,20.0065136
11.2464,20.06751251
11.2466,19.97601509
11.2468,19.91501617
11.247,19.97601509
11.2472,20.0065136
11.2474,19.94551659
11.2476,19.91501617
11.2478,19.97601509
11.248,20.0065136
11.2482,19.91501617
11.2484,19.97601509
11.2486,20.06751251
11.2488,19.85401726
11.249,19.85401726
11.2492,20.06751251
11.2494,19.94551659
11.2496,19.94551659
11.2498,19.94551659
11.25,19.91501617
11.2502,19.97601509
11.2504,19.94551659
11.2506,19.88451767
11.2508,20.0065136
11.251,19.94551659
11.2512,19.85401726
11.2514,20.0065136
11.2516,19.94551659
11.2518,19.88451767
11.252,19.88451767
11.2522,19.94551659
11.2524,19.94551659
11.2526,19.94551659
11.2528,19.91501617
11.253,20.0065136
11.2532,19.94551659
11.2534,19.85401726
11.2536,20.0065136
11.2538,20.0065136
11.254,19.85401726
11.2542,19.85401726
11.2544,19.89976692
11.2546,19.94551659
11.2548,19.91501617
11.255,19.91501617
11.2552,19.97601509
11.2554,19.91501617
11.2556,19.88451767
11.2558,19.94551659
11.256,20.06751251
11.2562,19.88451767
11.2564,19.88451767
11.2566,19.97601509
11.2568,20.0065136
11.257,19.91501617
11.2572,20.0065136
11.2574,19.94551659
11.2576,19.88451767
11.2578,19.88451767
11.258,19.94551659
11.2582,20.03701401
11.2584,19.88451767
11.2586,19.88451767
11.2588,19.97601509
11.259,20.0065136
11.2592,19.82351875
11.2594,19.85401726
11.2596,19.91501617
11.2598,19.97601509
11.26,19.85401726
11.2602,19.88451767
11.2604,19.97601509
11.2606,19.85401726
11.2608,19.91501617
11.261,19.91501617
11.2612,19.97601509
11.2614,19.91501617
11.2616,19.85401726
11.2618,19.97601509
11.262,20.03701401
11.2622,19.82351875
11.2624,19.85401726
11.2626,19.94551659
11.2628,19.79301834
11.263,19.94551659
11.2632,20.03701401
11.2634,19.88451767
11.2636,19.88451767
11.2638,19.85401726
11.264,19.91501617
11.2642,20.0065136
11.2644,19.85401726
11.2646,19.82351875
11.2648,20.03701401
11.265,19.88451767
11.2652,19.88451767
11.2654,19.94551659
11.2656,19.88451767
11.2658,19.91501617
11.266,19.88451767
11.2662,19.94551659
11.2664,19.91501617
11.2666,19.85401726
11.2668,19.85401726
11.267,20.03701401
11.2672,19.97601509
11.2674,19.88451767
11.2676,19.94551659
11.2678,19.97601509
11.268,19.85401726
11.2682,19.82351875
11.2684,20.03701401
11.2686,19.94551659
11.2688,19.88451767
11.269,19.88451767
11.2692,19.97601509
11.2694,19.91501617
11.2696,19.88451767
11.2698,19.88451767
11.27,19.94551659
11.2702,19.94551659
11.2704,19.79301834
11.2706,19.91501617
11.2708,20.0065136
11.271,19.91501617
11.2712,19.88451767
11.2714,19.97601509
11.2716,19.91501617
11.2718,19.85401726
11.272,19.88451767
11.2722,19.94551659
11.2724,19.88451767
11.2726,19.85401726
11.2728,19.91501617
11.273,19.97601509
11.2732,19.85401726
11.2734,19.82351875
11.2736,19.88451767
11.2738,19.94551659
11.274,19.85401726
11.2742,19.88451767
11.2744,19.91501617
11.2746,20.0065136
11.2748,19.85401726
11.275,19.88451767
11.2752,19.91501617
11.2754,19.88451767
11.2756,19.79301834
11.2758,20.0065136
11.276,19.94551659
11.2762,19.82351875
11.2764,19.91501617
11.2766,19.94551659
11.2768,19.82351875
11.277,19.88451767
11.2772,19.94551659
11.2774,19.88451767
11.2776,19.82351875
11.2778,19.85401726
11.278,19.97601509
11.2782,19.94551659
11.2784,19.85401726
11.2786,19.85401726
11.2788,19.94551659
11.279,19.91501617
11.2792,19.79301834
11.2794,19.88451767
11.2796,19.91501617
11.2798,19.91501617
11.28,19.82351875
11.2802,20.0065136
11.2804,19.97601509
11.2806,19.85401726
11.2808,19.79301834
11.281,19.88451767
11.2812,19.91501617
11.2814,19.82351875
11.2816,19.82351875
11.2818,19.94551659
11.282,19.85401726
11.2822,19.82351875
11.2824,19.97601509
11.2826,19.88451767
11.2828,19.88451767
11.283,19.88451767
11.2832,19.91501617
11.2834,19.88451767
11.2836,19.85401726
11.2838,19.82351875
11.284,19.97601509
11.2842,19.88451767
11.2844,19.79301834
11.2846,19.91501617
11.2848,19.91501617
11.285,19.94551659
11.2852,19.91501617
11.2854,19.97601509
11.2856,19.88451767
11.2858,19.82351875
11.286,19.82351875
11.2862,19.94551659
11.2864,19.88451767
11.2866,19.85401726
11.2868,19.88451767
11.287,19.97601509
11.2872,19.82351875
11.2874,19.88451767
11.2876,19.97601509
11.2878,19.94551659
11.288,19.88451767
11.2882,19.79301834
11.2884,19.88451767
11.2886,19.97601509
11.2888,19.85401726
11.289,19.85401726
11.2892,19.91501617
11.2894,19.82351875
11.2896,19.85401726
11.2898,19.94551659
11.29,19.91501617
11.2902,19.79301834
11.2904,19.82351875
11.2906,19.97601509
11.2908,19.85401726
11.291,19.82351875
11.2912,19.85401726
11.2914,19.91501617
11.2916,19.88451767
11.2918,19.88451767
11.292,19.97601509
11.2922,19.88451767
11.2924,19.85401726
11.2926,19.79301834
11.2928,19.97601509
11.293,19.88451767
11.2932,19.79301834
11.2934,19.88451767
11.2936,19.97601509
11.2938,19.88451767
11.294,19.82351875
11.2942,19.88451767
11.2944,19.88451767
11.2946,19.91501617
11.2948,19.82351875
11.295,19.88451767
11.2952,19.94551659
11.2954,19.76251984
11.2956,19.88451767
11.2958,19.88451767
11.296,19.82351875
11.2962,19.79301834
11.2964,19.85401726
11.2966,19.88451767
11.2968,19.88451767
11.297,19.76251984
11.2972,19.82351875
11.2974,19.85401726
11.2976,19.82351875
11.2978,19.79301834
11.298,19.85401726
11.2982,19.88451767
11.2984,19.79301834
11.2986,19.85401726
11.2988,19.94551659
11.299,19.79301834
11.2992,19.73202133
11.2994,19.88451767
11.2996,19.85401726
11.2998,19.76251984
11.3,19.82351875
11.3002,19.88451767
11.3004,19.88451767
11.3006,19.79301834
11.3008,19.79301834
11.301,19.85401726
11.3012,19.82351875
11.3014,19.82351875
11.3016,19.88451767
11.3018,19.85401726
11.302,19.79301834
11.3022,19.79301834
11.3024,19.85401726
11.3026,19.85401726
11.3028,19.73202133
11.303,19.79301834
11.3032,19.88451767
11.3034,19.85401726
11.3036,19.73202133
11.3038,19.85401726
11.304,19.85401726
11.3042,19.94551659
11.3044,19.79301834
11.3046,19.94551659
11.3048,19.79301834
11.305,19.79301834
11.3052,19.79301834
11.3054,19.85401726
11.3056,19.79301834
11.3058,19.76251984
11.306,19.82351875
11.3062,19.79301834
11.3064,19.73202133
11.3066,19.70152092
11.3068,19.88451767
11.307,19.82351875
11.3072,19.73202133
11.3074,19.76251984
11.3076,19.82351875
11.3078,19.79301834
11.308,19.79301834
11.3082,19.82351875
11.3084,19.88451767
11.3086,19.79301834
11.3088,19.70152092
11.309,19.85401726
11.3092,19.79301834
11.3094,19.73202133
11.3096,19.79301834
11.3098,19.85401726
11.31,19.76251984
11.3102,19.76251984
11.3104,19.79301834
11.3106,19.85401726
11.3108,19.76251984
11.311,19.76251984
11.3112,19.82351875
11.3114,19.79301834
11.3116,19.76251984
11.3118,19.70152092
11.312,19.91501617
11.3122,19.82351875
11.3124,19.76251984
11.3126,19.79301834
11.3128,19.94551659
11.313,19.79301834
11.3132,19.76251984
11.3134,19.82351875
11.3136,19.85401726
11.3138,19.82351875
11.314,19.76251984
11.3142,19.82351875
11.3144,19.85401726
11.3146,19.97601509
11.3148,19.76251984
11.315,19.91501617
11.3152,19.79301834
11.3154,19.73202133
11.3156,19.79301834
11.3158,19.79301834
11.316,19.79301834
11.3162,19.82351875
11.3164,19.79301834
11.3166,19.70152092
11.3168,19.73202133
11.317,19.76251984
11.3172,19.88451767
11.3174,19.82351875
11.3176,19.76251984
11.3178,19.85401726
11.318,19.88451767
11.3182,19.73202133
11.3184,19.76251984
11.3186,19.82351875
11.3188,19.79301834
11.319,19.79301834
11.3192,19.79301834
11.3194,19.82351875
11.3196,19.82351875
11.3198,19.73202133
11.32,19.91501617
11.3202,19.85401726
11.3204,19.76251984
11.3206,19.76251984
11.3208,19.79301834
11.321,19.79301834
11.3212,19.79301834
11.3214,19.76251984
11.3216,19.85401726
11.3218,19.79301834
11.322,19.76251984
11.3222,19.79301834
11.3224,19.79301834
11.3226,19.79301834
11.3228,19.70152092
11.323,19.82351875
11.3232,19.85401726
11.3234,19.73202133
11.3236,19.82351875
11.3238,19.85401726
11.324,19.82351875
11.3242,19.76251984
11.3244,19.79301834
11.3246,19.85401726
11.3248,19.76251984
11.325,19.73202133
11.3252,19.79301834
11.3254,19.85401726
11.3256,19.73202133
11.3258,19.67102242
11.326,19.85401726
11.3262,19.85401726
11.3264,19.82351875
11.3266,19.79301834
11.3268,19.82351875
11.327,19.76251984
11.3272,19.76251984
11.3274,19.73202133
11.3276,19.88451767
11.3278,19.79301834
11.328,19.70152092
11.3282,19.79301834
11.3284,19.85401726
11.3286,19.76251984
11.3288,19.76251984
11.329,19.91501617
11.3292,19.73202133
11.3294,19.79301834
11.3296,19.82351875
11.3298,19.76251984
11.33,19.76251984
11.3302,19.76251984
11.3304,19.85401726
11.3306,19.82351875
11.3308,19.76251984
11.331,19.70152092
11.3312,19.88451767
11.3314,19.82351875
11.3316,19.73202133
11.3318,19.79301834
11.332,19.79301834
11.3322,19.76251984
11.3324,19.70152092
11.3326,19.85401726
11.3328,19.82351875
11.333,19.73202133
11.3332,19.70152092
11.3334,19.82351875
11.3336,19.88451767
11.3338,19.76251984
11.334,19.76251984
11.3342,19.82351875
11.3344,19.73202133
11.3346,19.67102242
11.3348,19.85401726
11.335,19.79301834
11.3352,19.73202133
11.3354,19.73202133
11.3356,19.79301834
11.3358,19.76251984
11.336,19.79301834
11.3362,19.73202133
11.3364,19.85401726
11.3366,19.79301834
11.3368,19.640522
11.337,19.88451767
11.3372,19.85401726
11.3374,19.640522
11.3376,19.73202133
11.3378,19.82351875
11.338,19.79301834
11.3382,19.76251984
11.3384,19.76251984
11.3386,19.82351875
11.3388,19.82351875
11.339,19.73202133
11.3392,19.76251984
11.3394,19.82351875
11.3396,19.70152092
11.3398,19.70152092
11.34,19.79301834
11.3402,19.82351875
11.3404,19.73202133
11.3406,19.76251984
11.3408,19.70152092
11.341,19.76251984
11.3412,19.73202133
11.3414,19.73202133
11.3416,19.79301834
11.3418,19.70152092
11.342,19.70152092
11.3422,19.76251984
11.3424,19.79301834
11.3426,19.70152092
11.3428,19.73202133
11.343,19.85401726
11.3432,19.76251984
11.3434,19.70152092
11.3436,19.73202133
11.3438,19.76251984
11.344,19.70152092
11.3442,19.70152092
11.3444,19.76251984
11.3446,19.85401726
11.3448,19.73202133
11.345,19.70152092
11.3452,19.76251984
11.3454,19.79301834
11.3456,19.70152092
11.3458,19.70152092
11.346,19.73202133
11.3462,19.70152092
11.3464,19.70152092
11.3466,19.76251984
11.3468,19.79301834
11.347,19.73202133
11.3472,19.640522
11.3474,19.79301834
11.3476,19.88451767
11.3478,19.67102242
11.348,19.67102242
11.3482,19.79301834
11.3484,19.70152092
11.3486,19.6100235
11.3488,19.73202133
11.349,19.73202133
11.3492,19.67102242
11.3494,19.640522
11.3496,19.67102242
11.3498,19.79301834
11.35,19.70152092
11.3502,19.67102242
11.3504,19.79301834
11.3506,19.73202133
11.3508,19.640522
11.351,19.67102242
11.3512,19.79301834
11.3514,19.67102242
11.3516,19.73202133
11.3518,19.76251984
11.352,19.76251984
11.3522,19.67102242
11.3524,19.640522
11.3526,19.85401726
11.3528,19.73202133
11.353,19.640522
11.3532,19.70152092
11.3534,19.85401726
11.3536,19.82351875
11.3538,19.67102242
11.354,19.79301834
11.3542,19.76251984
11.3544,19.73202133
11.3546,19.79301834
11.3548,19.73202133
11.355,19.76251984
11.3552,19.70152092
11.3554,19.70152092
11.3556,19.79301834
11.3558,19.67102242
11.356,19.67102242
11.3562,19.76251984
11.3564,19.73202133
11.3566,19.79301834
11.3568,19.70152092
11.357,19.82351875
11.3572,19.67102242
11.3574,19.67102242
11.3576,19.82351875
11.3578,19.73202133
11.358,19.76251984
11.3582,19.67102242
11.3584,19.73202133
11.3586,19.82351875
11.3588,19.73202133
11.359,19.67102242
11.3592,19.79301834
11.3594,19.73202133
11.3596,19.70152092
11.3598,19.6100235
11.36,19.67102242
11.3602,19.73202133
11.3604,19.67102242
11.3606,19.70152092
11.3608,19.76251984
11.361,19.70152092
11.3612,19.67102242
11.3614,19.82351875
11.3616,19.79301834
11.3618,19.6100235
11.362,19.73202133
11.3622,19.79301834
11.3624,19.67102242
11.3626,19.79301834
11.3628,19.70152092
11.363,19.73202133
11.3632,19.70152092
11.3634,19.70152092
11.3636,19.82351875
11.3638,19.82351875
11.364,19.70152092
11.3642,19.70152092
11.3644,19.73202133
11.3646,19.73202133
11.3648,19.70152092
11.365,19.67102242
11.3652,19.79301834
11.3654,19.67102242
11.3656,19.67102242
11.3658,19.70152092
11.366,19.76251984
11.3662,19.70152092
11.3664,19.67102242
11.3666,19.76251984
11.3668,19.79301834
11.367,19.67102242
11.3672,19.70152092
11.3674,19.79301834
11.3676,19.67102242
11.3678,19.70152092
11.368,19.73202133
11.3682,19.70152092
11.3684,19.67102242
11.3686,19.70152092
11.3688,19.76251984
11.369,19.73202133
11.3692,19.70152092
11.3694,19.6100235
11.3696,19.70152092
11.3698,19.73202133
11.37,19.640522
11.3702,19.73202133
11.3704,19.79301834
11.3706,19.6100235
11.3708,19.70152092
11.371,19.79301834
11.3712,19.76251984
11.3714,19.73202133
11.3716,19.74727058
11.3718,19.76251984
11.372,19.73202133
11.3722,19.640522
11.3724,19.67102242
11.3726,19.70152092
11.3728,19.73202133
11.373,19.70152092
11.3732,19.76251984
11.3734,19.70152092
11.3736,19.57952309
11.3738,19.70152092
11.374,19.67102242
11.3742,19.67102242
11.3744,19.640522
11.3746,19.67102242
11.3748,19.79301834
11.375,19.73202133
11.3752,19.70152092
11.3754,19.73202133
11.3756,19.70152092
11.3758,19.640522
11.376,19.640522
11.3762,19.73202133
11.3764,19.76251984
11.3766,19.57952309
11.3768,19.640522
11.377,19.79301834
11.3772,19.73202133
11.3774,19.73202133
11.3776,19.6100235
11.3778,19.73202133
11.378,19.70152092
11.3782,19.6100235
11.3784,19.76251984
11.3786,19.73202133
11.3788,19.640522
11.379,19.73202133
11.3792,19.73202133
11.3794,19.67102242
11.3796,19.640522
11.3798,19.76251984
11.38,19.76251984
11.3802,19.67102242
11.3804,19.640522
11.3806,19.73202133
11.3808,19.76251984
11.381,19.57952309
11.3812,19.640522
11.3814,19.76251984
11.3816,19.640522
11.3818,19.67102242
11.382,19.67102242
11.3822,19.70152092
11.3824,19.640522
11.3826,19.57952309
11.3828,19.70152092
11.383,19.76251984
11.3832,19.6100235
11.3834,19.6100235
11.3836,19.76251984
11.3838,19.70152092
11.384,19.640522
11.3842,19.640522
11.3844,19.73202133
11.3846,19.640522
11.3848,19.57952309
11.385,19.70152092
11.3852,19.67102242
11.3854,19.67102242
11.3856,19.57952309
11.3858,19.73202133
11.386,19.67102242
11.3862,19.640522
11.3864,19.67102242
11.3866,19.73202133
11.3868,19.6100235
11.387,19.6100235
11.3872,19.79301834
11.3874,19.70152092
11.3876,19.57952309
11.3878,19.6100235
11.388,19.70152092
11.3882,19.67102242
11.3884,19.640522
11.3886,19.54902458
11.3888,19.70152092
11.389,19.73202133
11.3892,19.54902458
11.3894,19.640522
11.3896,19.57952404
11.3898,19.51852608
11.39,19.57952309
11.3902,19.73202133
11.3904,19.70152092
11.3906,19.67102242
11.3908,19.6100235
11.391,19.640522
11.3912,19.76251984
11.3914,19.6100235
11.3916,19.640522
11.3918,19.76251984
11.392,19.54902458
11.3922,19.67102242
11.3924,19.640522
11.3926,19.70152092
11.3928,19.6100235
11.393,19.640522
11.3932,19.67102242
11.3934,19.67102242
11.3936,19.67102242
11.3938,19.6100235
11.394,19.70152092
11.3942,19.640522
11.3944,19.54902458
11.3946,19.6100235
11.3948,19.67102242
11.395,19.57952309
11.3952,19.640522
11.3954,19.76251984
11.3956,19.48802567
11.3958,19.640522
11.396,19.6100235
11.3962,19.73202133
11.3964,19.67102242
11.3966,19.57952309
11.3968,19.640522
11.397,19.640522
11.3972,19.57952309
11.3974,19.54902458
11.3976,19.73202133
11.3978,19.67102242
11.398,19.6100235
11.3982,19.67102242
11.3984,19.73202133
11.3986,19.640522
11.3988,19.6100235
11.399,19.73202133
11.3992,19.640522
11.3994,19.640522
11.3996,19.67102242
11.3998,19.70152092
11.4,19.67102242
11.4002,19.6100235
11.4004,19.640522
11.4006,19.62527275
11.4008,19.6100235
11.401,19.6100235
11.4012,19.73202133
11.4014,19.640522
11.4016,19.67102242
11.4018,19.640522
11.402,19.6100235
11.4022,19.73202133
11.4024,19.6100235
11.4026,19.67102242
11.4028,19.79301834
11.403,19.73202133
11.4032,19.57952309
11.4034,19.76251984
11.4036,19.88451767
11.4038,19.54902458
11.404,19.6100235
11.4042,19.640522
11.4044,19.67102242
11.4046,19.73202133
11.4048,19.640522
11.405,19.73202133
11.4052,19.79301834
11.4054,19.6100235
11.4056,19.73202133
11.4058,19.73202133
11.406,19.70152092
11.4062,19.57952309
11.4064,19.70152092
11.4066,19.73202133
11.4068,19.57952309
11.407,19.67102242
11.4072,19.67102242
11.4074,19.76251984
11.4076,19.6100235
11.4078,19.640522
11.408,19.73202133
11.4082,19.67102242
11.4084,19.57952309
11.4086,19.73202133
11.4088,19.73202133
11.409,19.6100235
11.4092,19.57952309
11.4094,19.73202133
11.4096,19.67102242
11.4098,19.640522
11.41,19.70152092
11.4102,19.67102242
11.4104,19.70152092
11.4106,19.67102242
11.4108,19.6100235
11.411,19.73202133
11.4112,19.640522
11.4114,19.640522
11.4116,19.70152092
11.4118,19.70152092
11.412,19.6100235
11.4122,19.70152092
11.4124,19.70152092
11.4126,19.67102242
11.4128,19.640522
11.413,19.57952309
11.4132,19.70152092
11.4134,19.640522
11.4136,19.54902458
11.4138,19.73202133
11.414,19.76251984
11.4142,19.54902458
11.4144,19.70152092
11.4146,19.79301834
11.4148,19.640522
11.415,19.70152092
11.4152,19.6100235
11.4154,19.70152092
11.4156,19.79301834
11.4158,19.6100235
11.416,19.70152092
11.4162,19.79301834
11.4164,19.79301834
11.4166,19.6100235
11.4168,19.73202133
11.417,19.73202133
11.4172,19.640522
11.4174,19.67102242
11.4176,19.70152092
11.4178,19.67102242
11.418,19.640522
11.4182,19.73202133
11.4184,19.70152092
11.4186,19.640522
11.4188,19.67102242
11.419,19.79301834
11.4192,19.73202133
11.4194,19.640522
11.4196,19.6100235
11.4198,19.73202133
11.42,19.640522
11.4202,19.6100235
11.4204,19.70152092
11.4206,19.70152092
11.4208,19.70152092
11.421,19.6100235
11.4212,19.67102242
11.4214,19.76251984
11.4216,19.6100235
11.4218,19.6100235
11.422,19.76251984
11.4222,19.73202133
11.4224,19.77777004
11.4226,19.82351875
11.4228,19.76251984
11.423,19.640522
11.4232,19.67102242
11.4234,19.76251984
11.4236,19.640522
11.4238,19.67102242
11.424,19.67102242
11.4242,19.67102242
11.4244,19.73202133
11.4246,19.640522
11.4248,19.640522
11.425,19.76251984
11.4252,19.640522
11.4254,19.67102242
11.4256,19.640522
11.4258,19.70152092
11.426,19.70152092
11.4262,19.6100235
11.4264,19.73202133
11.4266,19.70152092
11.4268,19.6100235
11.427,19.67102242
11.4272,19.70152092
11.4274,19.640522
11.4276,19.6100235
11.4278,19.70152092
11.428,19.76251984
11.4282,19.640522
11.4284,19.640522
11.4286,19.73202133
11.4288,19.76251984
11.429,19.640522
11.4292,19.640522
11.4294,19.70152092
11.4296,19.70152092
11.4298,19.6100235
11.43,19.640522
11.4302,19.79301834
11.4304,19.76251984
11.4306,19.640522
11.4308,19.76251984
11.431,19.76251984
11.4312,19.67102242
11.4314,19.70152092
11.4316,19.73202133
11.4318,19.67102242
11.432,19.57952309
11.4322,19.73202133
11.4324,19.76251984
11.4326,19.67102242
11.4328,19.57952309
11.433,19.70152092
11.4332,19.85401726
11.4334,19.67102242
11.4336,19.67102242
11.4338,19.76251984
11.434,19.67102242
11.4342,19.640522
11.4344,19.67102242
11.4346,19.51852608
11.4348,19.67102242
11.435,19.640522
11.4352,19.70152092
11.4354,19.85401726
11.4356,19.640522
11.4358,19.6100235
11.436,19.76251984
11.4362,19.76251984
11.4364,19.640522
11.4366,19.6100235
11.4368,19.73202133
11.437,19.67102242
11.4372,19.70152092
11.4374,19.67102242
11.4376,19.79301834
11.4378,19.67102242
11.438,19.70152092
11.4382,19.67102242
11.4384,19.76251984
11.4386,19.640522
11.4388,19.640522
11.439,19.73202133
11.4392,19.70152092
11.4394,19.67102242
11.4396,19.640522
11.4398,19.79301834
11.44,19.70152092
11.4402,19.67102242
11.4404,19.73202133
11.4406,19.73202133
11.4408,19.70152092
11.441,19.640522
11.4412,19.76251984
11.4414,19.79301834
11.4416,19.57952309
11.4418,19.70152092
11.442,19.82351875
11.4422,19.67102242
11.4424,19.640522
11.4426,19.73202133
11.4428,19.73202133
11.443,19.70152092
11.4432,19.67102242
11.4434,19.67102242
11.4436,19.73202133
11.4438,19.67102242
11.444,19.70152092
11.4442,19.76251984
11.4444,19.70152092
11.4446,19.54902458
11.4448,19.82351875
11.445,19.73202133
11.4452,19.640522
11.4454,19.70152092
11.4456,19.57952309
11.4458,19.76251984
11.446,19.73202133
11.4462,19.67102242
11.4464,19.76251984
11.4466,19.6100235
11.4468,19.640522
11.447,19.85401726
11.4472,19.76251984
11.4474,19.67102242
11.4476,19.640522
11.4478,19.73202133
11.448,19.70152092
11.4482,19.640522
11.4484,19.70152092
11.4486,19.79301834
11.4488,19.73202133
11.449,19.67102242
11.4492,19.79301834
11.4494,19.82351875
11.4496,19.73202133
11.4498,19.67102242
11.45,19.73202133
11.4502,19.76251984
11.4504,19.70152092
11.4506,19.6100235
11.4508,19.73202133
11.451,19.73202133
11.4512,19.640522
11.4514,19.70152092
11.4516,19.54902458
11.4518,19.640522
11.452,19.67102242
11.4522,19.79301834
11.4524,19.76251984
11.4526,19.78285281
11.4528,19.80318578
11.453,19.82351875
11.4532,19.73202133
11.4534,19.67102242
11.4536,19.67102242
11.4538,19.76251984
11.454,19.70152092
11.4542,19.73202133
11.4544,19.76251984
11.4546,19.70152092
11.4548,19.79301834
11.455,19.640522
11.4552,19.82351875
11.4554,19.76251984
11.4556,19.70152092
11.4558,19.76251984
11.456,19.82351875
11.4562,19.70152092
11.4564,19.79301834
11.4566,19.77776909
11.4568,19.76251984
11.457,19.76251984
11.4572,19.70152092
11.4574,19.76251984
11.4576,19.73202038
11.4578,19.70152092
11.458,19.79301834
11.4582,19.79301834
11.4584,19.70152092
11.4586,19.57952309
11.4588,19.76251984
11.459,19.82351875
11.4592,19.76251984
11.4594,19.640522
11.4596,19.88451767
11.4598,19.82351875
11.46,19.70152092
11.4602,19.73202133
11.4604,19.82351875
11.4606,19.79301834
11.4608,19.73202133
11.461,19.73202133
11.4612,19.82351875
11.4614,19.70152092
11.4616,19.70152092
11.4618,19.82351875
11.462,19.79301834
11.4622,19.73202133
11.4624,19.76251984
11.4626,19.80826855
11.4628,19.85401726
11.463,19.82351875
11.4632,19.76251984
11.4634,19.82351875
11.4636,19.74727058
11.4638,19.67102242
11.464,19.82351875
11.4642,19.91501617
11.4644,19.73202133
11.4646,19.73202133
11.4648,19.82351875
11.465,19.79301834
11.4652,19.79301834
11.4654,19.73202133
11.4656,19.76251984
11.4658,19.79301834
11.466,19.73202133
11.4662,19.85401726
11.4664,19.88451767
11.4666,19.86926746
11.4668,19.85401726
11.467,19.88451767
11.4672,19.79301834
11.4674,19.76251984
11.4676,19.94551659
11.4678,19.82351875
11.468,19.82351875
11.4682,19.79301834
11.4684,19.79301834
11.4686,19.74726963
11.4688,19.70152092
11.469,19.79301834
11.4692,19.88451767
11.4694,19.88451767
11.4696,20.03701401
